ID,Text,Classe,Homophobia,sexism,Racism
1,"@truaemusic @mattybboi83 @Number10gov Mohammed was a murderer, Jesus wasn't. Mohammed was a rapist, Jesus wasn't.",3,0,0,0
2,"@congressman_aly Islam declared war on all humanity 1400 years ago. While individual Muslims may or may not be terrorist,Islam is terrorist.",3,1,1,0
3,@RichardDawkins The parallel between the behavior of terrorist organizations and the prophet Mohammed is something I've preached for 15 year,3,0,0,0
4,"@semzyxx Now, since you claim that Islam limits age of marriage, but produce no verses to back up your lies, you are blocked.",3,0,0,0
5,@AdnanSadiq01 I think your goat is calling you. She is horny.,3,0,0,0
6,@lIlIlllIlIllI Which is why they win 95% of all Nobel prizes and create all the technology that Muslims use and were too stupid to invent.,3,0,1,1
7,@harmlesstree2 Another line of horseshit. The poor Muslims being attacked. But virtually all their attacks were offensive.,3,0,0,0
8,Muslims are trying hard to finish the job of genocide that their prophet Mohammed gave them #Islam #Israel #Palestine http://t.co/GrFVgLmI70,3,1,0,1
9,"@edgeofthesandbx @batchelorshow @FearDept So, if I say that you must be a murdering fascist because you follow that book, am I right?",3,0,1,0
10,@Kaya786 @fai3an_H My opinions of Islam don't come from the media. They come from the Quran and Hadiths.,3,1,0,0
11,"@SAIACarleton @Naazzk What about the environmental racism experience by Christians, Jews, Ezidis, Hindus, etc. in Muslim countries?",3,1,0,1
12,"@jihadiAA Nobody gives a fuck about the streets when you are practicing genocide, murder, and slavery, microbrain.",3,0,0,1
13,"@Salon @TheMuslimGuy So when the subject of Islam's relationship with terrorism comes up, they react like the empty morons they are.",3,1,0,0
14,RT @sneekinsneekout: @Madasatrain69 @OZzSue @Muslim_Patrol Being nice 2 islam is like hugging a serial killer and thinking he will stop bur���,3,0,0,1
15,@IronmanL1 @IAmThe1Teacher @stevecorrales80 I don't think so. But we do need to outlaw Islam.,3,0,0,0
16,@Vandaliser @sajid_fairooz @IsraeliRegime Without Muslims science would be exactly where it is today. They made zero contrib to comp science,3,1,0,1
17,@DianH4 If Muslims ever produced a decent leader the world would be overjoyed to accept him.,3,0,0,0
18,@ardiem1m @MaxBlumenthal @oldkhayyam The job Mohammed set Muslims is not done while Israel exists. http://t.co/iLVg1qTxVa,3,0,0,1
19,@jukes303 That's just as big a fallacy as the oil fallacy.  The US had zero to do with the creation of Al Queda.,3,0,0,0
20,@UmarMal And yet our number and quality of schools are luxurious compared to Pakistan where 40% don't even have working toilets.,3,0,0,1
21,"@truaemusic By hating the ideaology that enables it, that is what I'm doing.",3,0,0,0
22,@logicalmind11 You are living under severe delusions. The reason Mohammed so hated Jews was because so few were willing to convert.,3,0,0,1
23,"@abu__ramadi And what race are Muslims exactly. The race of the stupid, blind and violent?",3,1,0,1
24,@Vandaliser @sajid_fairooz @IsraeliRegime I don't see how that is relevant to how non Muslims were treated as third class citizens.,3,1,0,0
25,"@discerningmumin And if Muslims are angry that they can't force Islam on people, who cares? http://t.co/G43tlj1dGU",3,0,0,1
26,@mutaSawwif About 90% of Iraqi civilians are killed by Muslims.,3,0,0,1
27,@_sara22_ @Number10gov Muslim terrorist execute people daily. But when rare response happens to that provocation they fake being the victims,3,1,0,1
28,"@robert150254 @Ag_nostic @riwired @itsomar99 Mostly Old Testament, were its heroes attacked and slaughter every man, woman, child, animal",3,0,0,1
29,"@exJizyacolector @abunaseeha2 Yes, only Islam can generate that level of barbarity, hatred, and inhumanity. https://t.co/frOHLueT12",3,0,0,1
30,@ibnHlophe @eeviewonders @CTFleaMarkets That Hadith is specific to AP.  Many others are specific to war on non believers everywhere.,3,1,0,0
31,@Hafisabidrees You animals are slitting throats and we are suppose to care that you are offended by cartoons. http://t.co/elEbZtioDk,3,0,0,0
32,"@Dabiq_Warrior @Totenleserin In other words, you were too stupid to understand that your 7th century barbarity would bring more enemies.",3,0,0,0
33,@NNdabbour64 The same old lie about property rights.  But Arab women had those before Islam.,3,0,0,0
34,@obsurfer84 @teenage Let people look at the polls that Muslims answered and see that they come from hate. http://t.co/j2BAMNBzi4,3,1,0,1
35,@Qoloob4 @Vandaliser @sajid_fairooz @IsraeliRegime I just gave you the proof from the Quran and the Hadiths that you are lying.,3,0,0,0
36,@MaxBlumenthal Here are the verses from Quran and Hadith proving genocidal aim of the Muslim biggots. http://t.co/pF8iwpdb1d,3,0,0,1
37,"RT @curdistani: Ottoman Enderun Schools were converting centers for non-Muslim kidnapped children, now #IS folowing them with Yazidis http:���",3,1,0,1
38,@truaemusic @mattybboi83 @Number10gov Not masked. The Quran and the Hadith declared war on humanity 1400 years ago. http://t.co/tuOWg1ltyj,3,0,0,1
39,RT @IronmanL1: The Jihad of Words:how words in Islam are twisted to deceive the Kafir  http://t.co/aFcgWBrqAM,3,0,0,0
40,"The myth of ""moderate"" Islamic rebels.  They are all fanatics and #Islam must be outlawed.  http://t.co/BYGcWWqJW5",3,1,0,1
41,@yousufpoosuf @HillaryGuess @riwired @izrinhariri @AtharHKhan The only reason there is peace is because the Hindus are in power.,3,1,0,0
42,@IAmThe1Teacher @IronmanL1 @stevecorrales80 And yet it is a law of Islam and 1/3 of Muslims support that law. But you tell me to tolerate em,3,1,0,1
43,RT @Chris_1791: What about current slavery? #Ferguson #blacktwitter #DontAllBlackLivesMatter Afraid of Islam? http://t.co/AN93G7q3gg http:/���,3,1,0,1
44,@Lithobolos @PoliticalAnt @ZaibatsuNews And there is no Jihad and world domination in Judaism as there is in Islam.,3,0,0,1
45,"RT @lajouetreine: RT@UnPoliticalPrty: The true history of #Islam and Slavery 

MUST SEE http://t.co/UFJt3iAzzw

#PJNET",3,0,0,1
46,@roisin_morgan It can't be separate while those wishing to destroy Israel use it as a basis of their genocidal fanaticism.,3,0,0,0
47,"RT @BlissTabitha: Australia: Gifted teen embraces Islam, becomes a jihad terrorist http://t.co/bpmb7EoaGv",3,0,0,1
48,@rayyoosheh The murdering Muslim blasphemy mobs of Pakistan. http://t.co/f3aWjksaUz #Islam,3,0,0,1
49,RT @noisykafir: Please draw mohammed! Just a smiley face will do but draw it and post it. #IAmCharlieHebdo http://t.co/QIOVZyNxdJ,3,0,0,0
50,"Gay man thrown off the rooftop by ISIS for being gay.  Despite what the radical left claims, this is the real #Islam. http://t.co/1YPpriD7pk",3,1,0,1
51,"@LifeInKhilafah Islam, on the other hand fights to take away people's freedom and force them to obey an imaginary terrorist god.",3,1,0,0
52,@wilytone @SenTomCotton He couldn't be close to the idiot you are.  Terrorism has been rampant in ME 1400 years.,3,0,0,0
53,"@PoliticalAnt Look at the data dipwad, 2/3 want sharia law, which denies all rights to women and non Muslims. http://t.co/7QupIMBaN7",3,1,1,1
54,@roisin_morgan Your terminology is as meaningless as the assumptions you make from them. Palestinians have no country and never have had one,3,0,0,0
55,"@flatspaddler1 @SumbelinaZ @velvethammer @IronmanL1 @Hatewatch She is crying, ""Boohoo, you are terrorizing our Islamic terrorists""",3,0,0,0
56,"@yousufpoosuf @HillaryGuess Muslims are fighting Jews, Hindus, Buddhists, Christians, atheists and animists somewhere in the world.",3,1,0,1
57,@Abu_Baraa1 @tanach67 Not by illiterate baby rapists like you and your prophet.,3,1,0,1
58,@brassidio @rayyoosheh @waffle_gurl Islam is a believe system based mainly on illusion. Overlooking gross barbarity is necessary.,3,0,0,0
59,@chrissmax He is lying. It's Islam. ISIS does nothing that the prophet Mohammed did not also do.,3,0,0,1
60,"RT @brassidio: Islam gave women rights. Unfortunately, they were less than they were before Islam http://t.co/RLJBP1ZOQh",3,1,1,0
61,@IAmThe1Teacher @IronmanL1 @stevecorrales80 What do you think we are doing when we accept Muslim immigrants.  What do we get back.,3,1,0,1
62,"RT @RavenHUWolf: Read it Liberals &amp; get a reality check on life! Within Islam your views, beliefs, any democracy system, mean nothing! http���",3,0,0,0
63,"@Qoloob4 @Vandaliser @sajid_fairooz @IsraeliRegime Yes, Jews are tired of being murdered by Muslims. So what?",3,0,0,1
64,"@AAlwuhaib1977 All the lies they tell and the mantras they repeat about apartheid, etc. are all scripted propaganda and not spontaneous.",3,0,0,1
65,@AbiAlbaraaShami @mir576607189 Too bad the Caliphate is too stupid to create it's own twitter. Madrassas only produce morons.,3,0,0,0
66,"@Habibiline @Jihadii8 Not to mention crushing poverty, endless violence, and legal forced marriage of 8 year old girls.",3,0,0,0
67,@jukes303 Unlike you I do read before making assumptions.  I read all of the Quran and many of the Hadiths.  That is how I know it's vile.,3,0,0,0
68,@EuklidProof Daesh followers of the pedophile prophet Mohammed and the terrorist Allah are dying in their rage and in their thousands.,3,0,0,1
69,@congressman_aly I know that they are dedicated to the extermination of the Jews just like their prophet Mohammed was.,3,0,0,1
70,@Joyce_Karam The Saudis will arm Sunni rebels in Yemen. Civil war is inevitable.,3,0,0,0
71,"@logicalmind11 No, but if you are following a Quran that has hatred and bigotry in it it makes you a hateful bigot.",3,0,0,0
72,@MisfitInChains @oldgfatherclock @venereveritas13 SANTA JUST *IS* WHITE,3,1,0,1
73,@halalcunty @biebervalue @liamxkiwi @greenlinerzjm @halalflaws I dont have to live there to know you can't leave house without male relative,3,0,0,1
74,"@FarooqSumar @NafeezAhmed @MaxBlumenthal As this Palestinian makes clear, they are Egyptians and Saudis and that Arabs must destroy Jews....",3,0,0,1
75,@Kaya786 Islamophobia is like Naziphobia. There is no such thing.,3,0,0,0
76,@SevilZadeh What does ISIS do that the prophet Mohammed did not also do?,3,1,0,0
77,"@greenlinerzjm It means ""God is Great"". Often shouted while Muslims are murdering one of gods creations.",3,0,0,0
78,@roisin_morgan And while all other religious groups globally are under genocidal attacks by Muslims you blame the Jews.  Utterly  stupid.,3,0,0,1
79,@loveconcursall @ottomanland ...the Prophet Mohammed did the same thing. Baghdadi can quote Quran and Hadiths for every action he takes.,3,1,0,0
80,"@mohamadraimi4 @korderakan Not only dead Daesh, but Baghdadi ran like a coward. Will he behead himself for fleeing like he does his men Gwer",3,0,0,1
81,@MaxBlumenthal Islamophobia - fear of this. http://t.co/Ky1NQPNlYb,3,0,0,0
82,"@ummayman90 No, you know damn well that Mohammed told his followers to breed as a source of population imperialism. #Islam",3,1,0,1
83,"@JoRitson Labor tells raped girls to go home and not bother them, the filthy animals.",3,1,0,1
84,@ameytahl Leave it to some microbrain to get sanctimonious by finding a way to play the race card.,3,0,0,1
85,RT @DHfromtheV: Christian lady in Pakistan is facing execution for blaspheming the prophet Mohommed. They take Islam serious as hell. No fr���,3,1,0,1
86,@KeeganNYC @syedmuhammad555 Sure. Why do one third of Muslims want to murder people who want to leave Islam? http://t.co/PqW3lGrmH5,3,0,0,1
87,"@CamilleHughes16 @_Watch_Observe_ A Muslim's ""religious freedom"" involves denying others their freedom.  So Islam must be outlawed.",3,0,0,1
88,RT @swagd0ctor: @VileIslam @TRobinsonNewEra @OZzSue @BBCNews Turks won't bomb isis because isis kill Christians http://t.co/HotvEOhXtz,3,0,0,1
89,"@IndyVoices I read the entire Quran and many of the Hadiths, and murdering ""unbelievers"" and forcing Islam on people is exactly what it is.",3,0,0,0
90,"RT @MaajidNawaz: .@ggreenwald teaching me about discrimination, implies via the link that critiquing Islam is like being a homophobe http:/���",3,1,0,0
91,So Drasko just said he was impressed the girls cooked half a chicken.. They cooked a whole one  #MKR,3,0,0,0
92,@WithTrish @JRehling Not nearly to the extent that they went insane over a Mohammed cartoon.,3,0,0,0
93,@asem_1994 ISIS beheads people. Saudi beheads people. Mohammed beheaded 600 Jews.,3,1,0,0
94,@AbuYigitAlCahrz @LeonardoMaxwel1 Could that be because Islam declared war on humanity 1400 years ago? http://t.co/xZjOzUQnZx,3,0,0,1
95,"RT @sudixitca: Our Prophet Our Honor = Rape, Beheadings, and Genocide Our Honor = Muhammad Does not Deserve Respect.",3,0,0,1
96,"Islam considers women as one big sex organ, so no part of her can be exposed.  This is a reflection of the perversion of their prophet.",3,1,0,1
97,RT @curdistani: ISIS intend turn war of Islamism into ethnic war of Pan Arabism&amp;Kurd in Mosul. As evidence show they are conducting Pan ara���,3,0,0,1
98,RT @george3612: @ProudPatriot101 Austrians Say Islam Does Not Belong in Their Nation: Poll http://t.co/Pa7yTFBQhB ���,3,0,0,1
99,@pNibbler @AlterNet @MaxBlumenthal In every Christian nation you can say what you want about Christians &amp; Jesus. Muslims kill for blasphemy.,3,1,0,0
100,@FalconEye123456 May Allah bless him with 72 virgin pigs.,3,0,0,0
101,@discerningmumin Hamas was elected once and have not had elections since.They have skipped many elections. Mursi was going in same direction,3,0,0,0
102,@DianH4 Perish slowly my ass. Slavery lasted longer in the Muslim world that anywhere else. And your hero is trying to bring it back.,3,1,0,1
103,@Zahoorgorsi What the Americans did in Iraq was allow the Iraqis to elect their leadership.  Sunnis and Shia killing each other is Islam.,3,0,0,0
104,@FarooqSumar @NafeezAhmed @MaxBlumenthal And the Muslim Nazis left the Jews nothing but this. http://t.co/MTVgnwqZVu,3,1,0,1
105,@alihadi68 @David_Cameron Who's them? I only see real beheadings in Palestine and the rest of the Muslim world.,3,1,0,0
106,RT @brassidio: Muslims are like spoilt children who throw violent tantrums when they don't get their own way. #RespectForMuslims,3,0,0,1
107,@PoliticalAnt @Lithobolos @ZaibatsuNews So ISIS beheads because their prophet beheaded . ISIS rapes slaves because their prophet raped them.,3,1,0,0
108,@DawlatnaMansura The next step in warfare is the ground drone. A robot that will walk up to the Jihadi and blow out his brains.,3,1,0,0
109,"@AAlwuhaib1977 So while thousands of churches, temples, synagogs have been destroyed by Muslim biggots, you only worry about one Muslim ....",3,0,0,1
110,@loveconcursall @ottomanland The English &amp; Israel were really thinking ahead when they sent Baghdadi to all those Islamic religious schools.,3,0,0,0
111,"@Bruciebabe @andyblueskyz @End_Bigotry @chezkig1 @ericcartmanfat @AbbsWinston All the Jews,Christians and gays would be dead. Women enslaved",3,1,1,1
112,@cdnKhadija @johnnygjokaj @BilalIGhumman @98Halima @rfrankh53 We don't make prophets out of pedophile priests. We get rid of them.,3,0,0,0
113,@DianH4 By showing your love of a genocidal animal like Baghdadi you have given the reason why Islam must be exterminated.,3,1,0,1
114,"RT @RavenHUWolf: Many of the ISIS members are walking ""stoners"" ~ even #daesh #Emwazi #JihadiJohn it's been rumored he's high on #Khat http���",3,0,0,0
115,"As long as the Middle East is in the grip of #Islam, there will never be such a thing as an Arab Spring. #Syria #Libya #Yemen #Iraq #Egypt",3,1,0,1
116,@Damhan97 @niall_cullen @AC360 Having more children is what their prophet Mohammed told them to do.  Reproductive imperialism.,3,0,0,0
117,RT @AmyMek: #WakeUpLibs-&gt;.@JoeNBC: Islamic jihadis like ���ultrafundamentalist Christians��� http://t.co/VAnp6y7clr #tcot #ILoveObama http://t.���,3,0,0,1
118,"@DianH4 @rogue_allah You are lying again, just like a Muslim. The Quran approves of raping slave girls explicitly.",3,0,0,1
119,"RT @RudawEnglish: #ISIS has begun recruiting Moroccan prostitutes for its militants in Syria and #Iran, luring them with promises of money ���",3,0,0,0
120,RT @peddoc63: @fernleex Muslims not killing are complicit by silence.Tolerance of intolerance is cowardice.Ali was maimed by Islam. http://���,3,1,0,1
121,@morasilh @bbcturkce The Sunni Turkmen are genocidal criminals living off loot they stole from minorities. What they want counts for nothing,3,1,0,1
122,"@discerningmumin It's not a prophet competition. It's about following a fraud who owned slaves, had people murdered, was a bigot, etc.",3,0,0,1
123,@alihadi68 @MaxBlumenthal @rudoren @nytimes Compare a Netanyahu speech to this genocidal Palestinian lunatic. https://t.co/8cmfoOZwxz,3,0,0,1
124,@ZamiraTwitt One way of helping to prevent such crimes would be to outlaw the sick and 2 religion of Islam that victimizes women.,3,1,1,0
125,@SumerSloan @PAWarnhoff @etsho127 Why haven't you and your world stopped over 100 Islamic terrorist organizations from murdering children.,3,0,0,0
126,@MaxBlumenthal @Ajzionts Max Blumenthal's Muslim friends busy raping Christian girls around the world. http://t.co/liSKP9U8Uq,3,1,0,1
127,@GENUG @TheMuslimIssue Saudi Arabia - a nation of Islamolunatics hiding from the Islamolunatics they helped to create. #Islam,3,1,0,0
128,@pNibbler @AlterNet @MaxBlumenthal The majority have radical and violent opinions when they are polled about them. http://t.co/LnGUHxNRyJ,3,0,0,0
129,"@biebervalue @greenlinerzjm You fucking moron, slavery is approved right in the Quran. Read it you stupid idiot.",3,0,0,1
130,"@discerningmumin And now, every Jihadi group wants to reinstate slavery in the present because the Quran approves it and Mohammed practiced.",3,1,0,1
131,@halalflaws @biebervalue @greenlinerzjm What your prophet said was that women are stupid and corrupt. #Islam http://t.co/gmiSHq8QaG,3,1,0,1
132,@NNdabbour64 A phony prophet trying to gain power through hatred and divisiveness is the reason for it.,3,0,0,0
133,"@KellyTurner99 @buellerishere @isra_jourisra @fei989 And not only did Mohammed burn them, the crucified, stoned and beheaded people.",3,0,0,1
134,@Vandaliser @sajid_fairooz @IsraeliRegime Degrassie is not a historian.,3,0,0,0
135,@etsho127 @PAWarnhoff @SumerSloan They could never choose.  Islam has given them nothing but Caliphates and dictatorships for 1400 years.,3,0,0,0
136,@shehzilk @watan71969 Those Jews are assholes.  Most Jews are secular and humanist.  Most Muslims are Islamists. http://t.co/GQx6BZAFJ5,3,0,0,1
137,@Almahiraa__ @munthir555 Nobody cares about your stupid rationalizations.  We are simple going to kill all the Daesh. Hope you are one of em,3,0,0,0
138,"RT @KenRoth: Dangerous to outsource Iraq security to Shia militia known for ""disappearances"" &amp; executions. http://t.co/3catmb5vZl http://t.���",3,0,0,0
139,@Lithobolos @PoliticalAnt @ZaibatsuNews So when are you going to admit that the Quran is wrong.  I'm waiting.,3,0,0,0
140,"RT @PatDollard: The #Ferguson ""crisis"" was manufactured by @BarackObama as the opening gambit of his campaign to limit cops' ability to arr���",3,0,0,1
141,@TheInfoIslam Oh good. That get's them out from behind the civilians so that the Peshmerga can kill them.,3,0,0,0
142,@RTUKnews An Islamist human rights group? LOL. Now there is a contradiction in terms.,3,1,0,0
143,"@Abu_Baraa1 Peace? You Idiot, Islam declared war on all humanity 1400 years ago. How can you blab on about peace. Time to exterminate Islam.",3,1,0,1
144,"RT @fatmaycollins: After the recent rape-murder case of a female Turkish student, other Turkish women are telling their stories to the worl���",3,0,0,0
145,"@buellerishere @KellyTurner99 ""That which your right hand posses"" means slave.  The Quran gives clear permission to rape slaves.",3,1,0,0
146,"@buttercupashby @MaDaSaHaTtEr_17 I take the whole sura, microbrain. You make such statement trying to hide the barbarity of Islam.",3,0,0,0
147,"@jihadi_11 @Sheikh_Times3 What do you care, scumbag? You murder and enslave unarmed Ezidi and Christian civilians.",3,0,0,1
148,@truaemusic @mattybboi83 @Number10gov Child abuse is illegal in western culture. It is accepted in Islamic cultures because their prophet...,3,0,0,0
149,"@rico_hands @NAInfidels @semzyxx @owais00 Hey, idiot! You can't use the problems of Judaism to justify the barbarity of the Quran.",3,0,0,1
150,"@DianH4 @ExposeFalsehood We don't support tyrants, Islam produces nothing but tyrants.  All the Caliphs and Sultans were tyrants.",3,1,0,1
151,@ummahwitness Then why do you smelly rag heads keep moving to Britian?,3,1,0,1
152,@MDBishop82 @railgirl1952 @LyndaG1963 @Coslopuss @MaxBlumenthal In fact Blumenthal's Palestinian friends behead gays.,3,0,0,0
153,Muslim abuse and murder of minority religions continues in all Muslim majority countries. http://t.co/1UoMvZWcCq #Islam #Pakistan #Syria,3,1,0,1
154,"@CherguiaMbark Mostly it shows how vile, inhuman, digusting, and barbaric that religion is. #Islam",3,0,0,0
155,@anjemchoudary @JihadiA8 Sharia put the Muslim world 1000 years behind the rest of civilization and tortured minorities.,3,1,0,1
156,@discerningmumin The first slaughterers were the Muslims. They invaded the Christian world 400 years before the crusades.,3,0,0,0
157,@Brown_Saraah Terrorism has been the core of Islam ever since the fraudulent prophet Mohammed invented it.,3,0,0,1
158,"@obsurfer84 @teenage Yes, you can lie about Islam all you want and you can deny all the evidence all you want.  No one cares about opinion.",3,1,0,1
159,@who_the_fa @MaxBlumenthal The difference is that he only said it. The Muslims are doing it.,3,0,0,0
160,RT @The_Rebel_Heart: Islamic States reveals It's Air Force ! Lol Daesh bags Isis Isil  http://t.co/JAgBL5XzeH,3,0,0,0
161,@anjemchoudary Idiots like you making such declarations have no contact with reality.  Islam is inhuman and must be outlawed.,3,1,0,1
162,@riwired @_Elreda I like that picture of Israel in the context of the Muslim world.  A tiny spec they blame for all their own evil.,3,0,0,1
163,"@LUVSHINECAFE @bradybaggett When religious war, jihad, is a cornerstone of the religion there is no possibility for reform.",3,0,0,0
164,@MaxBlumenthal Islamophobia - fear of this. http://t.co/MTgDmZGhSQ,3,0,0,0
165,"@etsho127 @SumerSloan @PAWarnhoff Furthermore,your pedo prophet attacked cities with catapults killing children.So what are you crying about",3,1,0,1
166,"@DavidRomeiPHD @ALWiss5 Anything an American does defines America, anything a Muslim does is an aberration? Idiot!",3,0,0,0
167,@kewldevzzo Islam is full of incitements to murder unbelievers.  What are you talking about?,3,1,0,1
168,@CavusSeyit You are the one who believes in a god that asks one part of his creation to murder another part. Impossible to get any stupider.,3,0,0,0
169,@FarooqSumar @NafeezAhmed @MaxBlumenthal Now the Muslim Arabs are using the Palestinans as their spear point to complete the extermination.,3,1,0,1
170,@jncatron @dailydot Pigs like you never whine so loud at the hundreds of murders by Muslims every day around the world.,3,0,0,1
171,@loveconcursall @ottomanland But look at the reality disconnect. Burak says he is for freedom and against all slavery while at the ...,3,0,0,0
172,@Qoloob4 @Vandaliser @sajid_fairooz @IsraeliRegime There are zero lies that westerners create. It all comes from your own Quran and Hadiths.,3,0,0,1
173,@ibnHlophe @sibanda_tapson @eeviewonders @CTFleaMarkets There's a huge lie.  They colonialized everything they have at sword point.,3,1,0,1
174,RT @robfit: The 3 Stages of the Islamic demographic Jihad... #tcot =&gt;  http://t.co/UttUXJPIf3,3,1,0,1
175,"@mir576607189 Looks like a slum, as people are forced to go to mosque at gun point. Daesh are creating hundreds of thousands of atheists.",3,0,0,1
176,"@scamp_faridxx @cameIzzz The problem was not the communists atheism, but rather their totalitarianism, just like Islam.",3,0,0,0
177,"@Vandaliser @sajid_fairooz @IsraeliRegime A word of advice, until you can show that wikiislam is false, don't bother me with your advice.",3,0,0,0
178,RT @SeanAAitken: The Kurds clean up the ISIS Islamofascist trash in Kobane. Kobane is the graveyard of ISIS. Via @jackshahine http://t.co/N���,3,0,0,0
179,"@sajid_fairooz @IsraeliRegime Muslim declared war on humanity and their have been murdering men, women, and children for 1400 years.",3,0,0,1
180,@LifeInKhilafah What's to understand. The Daesh have passed a law that people cannot leave Raqqa or Mosul because they are sewers of terror.,3,0,0,0
181,@SirajZarook @OdiniaInvictus @BilalIGhumman @IsraeliRegime No the hatred was all started by Mohammed. http://t.co/Yyl4nn6LgN,3,0,0,0
182,@taimiiSays Islam is hatred and Jihad. http://t.co/bp228IR12B,3,0,0,1
183,@jerZboyUSA @theblaze The reason these politically correct idiots will never solve problem is because they won't acknowledge that it's Islam,3,0,0,1
184,@Dabiq_Warrior @Totenleserin More like three thousand.  And most of it was done by the Kurdish girls.,3,0,0,0
185,"@Assiye61 That is a lot of disinformation. For example, there were never more than 5 million North American Indians. http://t.co/ErZxfNAOUt",3,0,0,1
186,"@bradybaggett @LUVSHINECAFE Take a poll and see if 1/3 of Christians think gays should be killed.  If they do, Christianity should be banned",3,1,0,1
187,"@Raja5aab @Quickieleaks You challenge has been accepted, you have been given better verses, proving the Quran is a fraud.",3,0,0,0
188,"@truaemusic You are defending the prophet Mohammed and he was a murderer, 2, imperialist and bigot.",3,1,0,1
189,@biebervalue @greenlinerzjm Here is the Quran stating that the witness of a woman is worth half that of a man. #Islam http://t.co/qlZFV7ZXkJ,3,1,0,0
190,@buellerishere @KellyTurner99 And the Hadiths are even more specific about approving sexual slavery.,3,0,0,0
191,of course you were born in serbia...you're as fucked as A Serbian Film #MKR,3,0,0,1
192,@HoosierJason @ciomdx @JameelJaffer @ggreenwald Why not. Muslims have practically exterminated every non Muslim minority in Mus countries.,3,0,0,1
193,@Vandaliser @sajid_fairooz @IsraeliRegime Read Ibn Warraq on the treatement of Jews and other minorities in Muslim history.,3,0,0,0
194,"@Generalshaami44 Americans didn't burn any libraries, microbrain. And even if they did, why punish Iraqis by burning their libraries, dumbo?",3,0,0,0
195,@discerningmumin Now Muslim terror groups are trying to complete the job of killing or throwing out any remaining minority groups in Arabia.,3,0,0,1
196,"@jihadi_11 @Shami_IS_back Hopefully the followers of the slave trader, and pedophile prophet, Mohammed.",3,0,0,1
197,"@scamp_faridxx @AbuAlbaraaSham Yeah, it's called caring about human life, idiot - something a genocidal Daesh would'nt understand.",3,0,0,1
198,"@peymaneh123 @AnasMechch I don't see any burning civilians, and the picture is not even of a burning house.",3,0,0,0
199,@ummayman90 What do customs and rules and history have to do with it.  Marrying a 6 year old and screwing a 9 year old is sick like Islam.,3,0,0,1
200,@PoliticalAnt @Lithobolos @ZaibatsuNews But Sharia is very 2 and 2/3 of Muslims want it.,3,1,0,1
201,@asem_1994 The Quran approves of the beating of women and tells them to stay home. So ISIS does it also. http://t.co/0JZqklPyYH,3,0,1,1
202,@Ceff00 @JosephIsVegan @SumbelinaZ @IronmanL1 @Hatewatch There are over 100 Islamic terrorist groups. No other religion is close.,3,1,0,0
203,@roisin_morgan Those same genocidal Muslims that practice their bigotry and barbarity against religious and ethnic minorities everywhere.,3,1,0,1
204,@HillaryGuess @riwired @izrinhariri Because Islam has over 100 operating terrorist groups and a mandate to conquer the world by violence.,3,0,1,0
205,@Vandaliser @sajid_fairooz @IsraeliRegime Science was moving forward in India and Persia before Islam.  Islam only slowed it down.,3,0,0,0
206,"@fei989 @isra_jourisra War, chopping off heads, raping slave girls, were Mohammed's favorite activities.",3,1,1,1
207,@oni_keji @TheAtlantic The Quran clearly and explicitly declared war on all humanity 1400 years ago.  So humanity must declare war on Islam.,3,0,0,1
208,"@discerningmumin Unfortunately, real Islam, as defined in the Quran and Hadith, is too backwards and inhuman even for most ME Muslims.",3,0,0,1
209,@Qoloob4 @Vandaliser @sajid_fairooz @IsraeliRegime Most of Mohammed's 17 military expeditions were offensive.,3,0,0,0
210,@logicalmind11 You can never get rid of the radical Muslims because the Quran and Hadiths will always produce more.,3,1,0,0
211,@dankmtl Hard to get stupider than you. Still no change in ratios justified by anything Israel did.,3,0,0,0
212,RT @PatDollard: #ISIS using retarded kids as suicide bombers is nothing new. When I was in Ramadi they rolled one in a wheelchair at us. Ha���,3,1,0,1
213,@Pray_4_Life @Pontifex People who call being against Islam 3 know that Islam is not race but want to intimidate others into shutting up,3,0,1,0
214,@asem_1994 Look at the kinds of opinions that the Islamic world is stuck with. http://t.co/AryC4kA2CD,3,0,0,0
215,@LUVSHINECAFE @bradybaggett We need to outlaw Islam outright.,3,0,0,1
216,@haroonstyles @greenlinerzjm @halalflaws @biebervalue You try again. Mohammed screwed Aisha when she was 9. http://t.co/gJ5Ob13HFX,3,1,0,0
217,"@NNdabbour64 You have to be an idiot to think that you can follow an ideology of murder, imperialism, hatred and have people like you for it",3,0,0,0
218,@discerningmumin Islam has never been a resistance to oppression. It has always been source of oppression to both believers and non believer,3,1,0,0
219,@obsurfer84 They welcomed Islam with a sword at their throats. There was nothing kind about Islam. It was a religion designed for thugs.,3,0,0,1
220,@CamilleHughes16 @edbarber101658 @_Watch_Observe_ Then export all the non citizen Imams. Put cameras in the remaining Mosques.,3,0,0,0
221,@Iz_abdul Allah's words are filth and hatred and phony. http://t.co/E4yVziJyqk,3,1,0,0
222,@anjemchoudary Nothing desperate about it. Humanity realizes now that Islam declared war on it 1400 years ago and Islam will be destroyed.,3,0,0,1
223,"RT @AmyMek: #IslamLOVESWomen Muslim files suit AGAINST law banning child marriage,""OFFENDS Islam"" http://t.co/bPPiSINSS8 #IWD2015 http://t.���",3,1,0,1
224,@yousufpoosuf @HillaryGuess @riwired @izrinhariri @AtharHKhan Only because there were too many Hindus to exterminate before the British...,3,0,0,1
225,"RT @AnneBayefsky: Gang-raped Saudi woman gets 200 lashes, jail time. Saudis on UN ""Human Rights"" Council. http://t.co/et8DDsmTrp http://t.c���",3,0,0,1
226,@CherguiaMbark Every Muslim convert becomes Muslim propaganda.,3,1,0,0
227,@truaemusic ...have some PC pandered tell me to accept a cult of hate.,3,1,0,1
228,RT @curdistani: ISIS trying to stop people fleeing Talabyad (Gre Spi) with lie of tht thy have captured #Kobane&amp;rocket voices hit near are ���,3,0,0,0
229,RT @sudixitca: You say Islam is a religion. I say it is a cult. Islam's activities match the description of crime mafia. You must bust it. ���,3,0,0,1
230,@zh_ha89 You just proved that you are stupid.  I just showed you the Hadiths where Mohammed calls women stupid and you still deny it.,3,0,1,0
231,@ingyusarms There is actual spirituality in Buddhism and Tao.  There is zero spirituality in Islam.,3,0,0,0
232,"@teddyboylocsin @tweetybird2009 @PatVPeters Mohammed had people,who disagreed with him murdered. ISIS murders the same.",3,0,0,0
233,"@semzyxx @NAInfidels @owais00 Furthermore, you cannot identify a single verse of the Quran that limits the age of marriage of a girl.",3,0,0,0
234,@harmlesstree2 @MaxBlumenthal Not only them. Mohammed ejected the other 2 Jewish tribes from Medina and later slaughtered them at Khybar.,3,1,0,1
235,@rayyoosheh 51 Christians or Hindus have been murdered for blasphemy by Muslim mobs in Pakistan alone. Why should Israel be subject to that?,3,0,0,1
236,"@discerningmumin Yes, the western world was unaware of the layer of Islamolunatics that lived under the thumbs of the dictators.",3,0,0,0
237,"@doammuslims @ajwatamr Scum bag Islamists evacuated all the Christian and Ezidi civilians from their homes in Mosul, Raqqa, Sinjar.",3,0,0,1
238,@pNibbler @AlterNet @MaxBlumenthal million Muslims are extremists.,3,0,0,1
239,@greenlinerzjm Islam declared war on all humanity 1400 years ago and denying it is simply a lie.,3,0,0,1
240,@Number10gov I'm totally sick of these politically expedient statements after every attack by Islam on humanity.,3,0,0,1
241,@truaemusic @mattybboi83 @Number10gov What matters is that people like you are trying to lay a guilt trip on us while ignoring the truth.,3,0,0,0
242,"@scamp_faridxx @AbuAlbaraaSham Islam declared war on all humanity 1400 years ago, so talking about murderers of Muslims is total hypocrisy.",3,0,0,1
243,@biebervalue @greenlinerzjm Mohammed had people murdered who disagreed with him. He raped women. He married a 6 year old. He beheaded Jews.,3,1,1,1
244,@teddyboylocsin @tweetybird2009 @PatVPeters When has he ever done anything else?,3,0,0,0
245,@Qoloob4 @Vandaliser @sajid_fairooz @IsraeliRegime We are suppose to believe that Muslims defended themselves all the way to Europe &amp; India.,3,0,0,0
246,"@BilalIGhumman @johnnygjokaj @98Halima @cdnKhadija @rfrankh53 The Muslims attacked Europe 400 years before crusades, microbrain.",3,0,0,1
247,"RT @joe_nuzz: Graphic of growth of Radical Islam following 6 years of care,nurture,coddling by US Democrats #Islamists http://t.co/3YAx9Wpm���",3,0,0,1
248,@akh_fuaadh @ToAllahWeReturn Manipulative and threatening BS.  Proving that people have to be intimidated into following the god of terror.,3,0,0,0
249,"@ZamiraTwitt On the contrary, the brutal, bigoted, 2 god of Islam encourages the abuse of women. http://t.co/AFuW9Veuu6",3,1,1,1
250,@truaemusic @mattybboi83 @Number10gov There are over 100 Islamic terrorist organizations. KKK Virtually dead. There is no canceling out.,3,0,0,1
251,"@KamelNasrEldien True, no other ideology is as vile, murderous, backwards and stupid as Islam.",3,0,1,0
252,"@discerningmumin I wouldn't be too concerned about that, because outside the canon of Islam, there is no historical evidence of Mohammed.",3,0,0,0
253,@YusufPeaceful @Clashoftherats @tummala82 @IndyVoices So now you Taquiyya liars deny what is explicit in the Quran. http://t.co/u1r2GhUon9,3,0,0,1
254,@98Halima @BilalIGhumman @johnnygjokaj @cdnKhadija @rfrankh53 ISIS has slavery because the prophet Mohammed was a slave owner and trader.,3,1,0,1
255,@DecolonisedSoul Islam declared war on all humanity 1400 years ago.  It's time we recognize that and respond.,3,0,0,1
256,"RT @PamelaGeller: Copenhagen: Devout Muslim who fired on free speech event and synagogue opens fire on police, is killed: ���Polic... http://���",3,0,0,0
257,"@roisin_morgan Then you are a total idiot, because Muslims are killing people around the globe. They are at war with every religion on earth",3,1,0,1
258,"RT @Canine_Rights: @KizzyCoy1 exactly, is this why Europe has Sharia no go zones, so they can hide their child rapists?",3,1,0,1
259,"@Dr_Jreid Iran where there is no human freedom and where they murder Kurds, gays, apostates, political opponents.",3,1,0,1
260,@etsho127 @PAWarnhoff @SumerSloan That is the fault of the terrorist who are hiding behind the women and children. Blame them.,3,0,0,0
261,"These girls are the equivalent of the irritating Asian girls a couple years ago. Well done, 7. #MKR",3,0,0,1
262,@sajid_fairooz @IsraeliRegime And periodically the Muslims went on rampages and murdered masses of Jews. This happed all over Muslim world.,3,1,0,1
263,@BilalIGhumman @98Halima @johnnygjokaj @cdnKhadija @rfrankh53 The stupidist arguments are the ones rationalizing the barbarity of Islam.,3,1,0,0
264,"@ShamiObserver The Muslims are the crusaders, microbrain.",3,0,0,1
265,@Vandaliser @sajid_fairooz @IsraeliRegime There was no Muslim golden age. Those states were always slave states.,3,1,0,0
266,@IAmThe1Teacher You can preach coexistence all you want.  To Islamist you are just a useful idiot.,3,0,0,0
267,"RT @riwired: There is no ""moderate Islam"" Islam is #Islam. #Sharia is Islam, no difference. @itsomar99 @VileIslam @BasimaFaysal http://t.co���",3,1,0,1
268,"Following the example of the pedophile prophet Mohammed in every detail, one ISIS militant is marrying a 7 year old child in Mosul. #Islam",3,1,0,0
269,@greenlinerzjm You should be attacking everyone that follows a religious cult of hated and murder like Islam.,3,0,0,1
270,@CherguiaMbark @Nebula1979 I'm not interested in your sectarian divisions. Shia and Sunni are all following the vile pedophile prophet.,3,1,0,0
271,@Vandaliser @sajid_fairooz @IsraeliRegime Go read about the history of Algebra. The few small contributions from Mus came from conquered ppl,3,0,0,1
272,"@aliabdalhamid @izrinhariri In Islam, the only ""innocent souls"" are Muslims.  Anyone else is fair game for any abuse.",3,1,0,0
273,"RT @joe_nuzz: Ezra Levant - From Canadian jihadis to ISIS, it's all Islam http://t.co/hWHVLwbWIS via @wordpressdotcom",3,0,0,1
274,@HillaryGuess @riwired @izrinhariri @AtharHKhan Turkey and Egypt used to be mostly Christian and the Muslims have mostly exterminated them.,3,0,0,1
275,"@HillaryGuess @riwired @izrinhariri Again, look at this chart and tell me were you get the ""a few"" idea. http://t.co/QSTtdz57VJ",3,0,0,0
276,@BDSSupporter There are 1.5 billion Muslims idiot. For the size of their population they contribute virtually nothing.,3,0,0,0
277,RT @Kypsta: France is on the verge of major cultural backlash against even moderate Islam. The tension has built for decades. The line has ���,3,1,0,0
278,"@MaxBlumenthal @NYTOpinionator @Volker_Beck Blumenthal's silence on the Muslim Jihad against humanity, and it's cost.",3,0,0,0
279,"@buellerishere @KellyTurner99 Since the Islamist Erdogan came to power,women's employment in Turkey fell 30%.He considers them baby machines",3,1,0,1
280,@MaxBlumenthal The Arabian Peninsula was once full of Jews and Christians. They were decimated by the Muslims. Max is helping them finish it,3,0,0,0
281,@ardiem1m @MaxBlumenthal @oldkhayyam Hamas throws their political opponents off roof tops. Is that your idea of humanity?,3,0,0,0
282,"RT @Greg389: #Islam dominates our crime, prison &amp; welfare system &amp; national security. Why are we still importing it? @PeterDutton_MP  #amag���",3,1,0,1
283,@ingyusarms The Quran writer imagined god as egotistical and as wanting to be worshiped and bowed to because he was unsophisticated.,3,1,0,0
284,"@Love___Egypt @washingtonpost Muslims kill 50 times that many innocent non Muslims every day, so I don't care.",3,0,0,0
285,@ClassicDCoy @billmaher What - are you stupid.  There is nothing that compares to the inhumanity and barbarity of Islam.,3,0,0,1
286,@biebervalue @greenlinerzjm Here is the Quran telling men they can beat their wives and that men are superior. http://t.co/8xldNwbvZx,3,1,0,1
287,RT @Angelemichelle: RT @PhxKen: ISLAM: CONTRIBUTING NOT ONE DAMN THING TO HUMANITY FOR 1400 YEARS. http://t.co/dajGDn1Wy3 WELL EXCEPT MURDE���,3,1,0,1
288,"@AhleFars And you can only get highly educated people out of a free modern society, not a 7th century one based on superstition.",3,0,0,0
289,@truaemusic Buddha said that slavery was unacceptable 1100 years before the slave trader Mohammed came along.,3,0,0,1
290,"@UmarMal All the rest are impoverished, like every Muslim country that doesn't have an ocean of oil.",3,0,0,0
291,"@zh_ha89 Your religion teaches you to shut up, obey your husband, stay in your house, cover in a tent and calls you stupid.",3,1,1,0
292,@HNK2TheRescue @AtheiStranger @Independent @IndyVoices It doesn't count for the vile people practicing vile Islam. http://t.co/5uNZKCyP3i,3,0,0,1
293,@SamihNewsam @MaxBlumenthal Both the Muslim men and their religious texts abuse women. http://t.co/KFlYgPtbQB,3,1,0,1
294,"@dankmtl @AAlwuhaib1977 @PeaceNotHate_ No asshole, the Israelis are defending themselves against this. https://t.co/8cmfoOZwxz",3,0,0,1
295,@halalcunty @biebervalue @liamxkiwi @greenlinerzjm @halalflaws If you walked down Saudi street dressed like in yr picture would be arrested.,3,1,0,0
296,RT @taslimanasreen: All religions are not the same. Islam is more violent than other religions.,3,0,0,1
297,@5Haqq @abualiis Just like there was 1400 years ago. The flies are free.,3,0,0,0
298,"@PoliticalAnt @Lithobolos @ZaibatsuNews All Muslims share an ideology that is spelled out as bigoted, 2, imperialists, 1.",3,1,0,1
299,"RT @NuritBaytch: .@MaxBlumenthal resents that journalists are reporting on the antisemitism by BDSers at UCLA.

bad press for the BDS mvmt,���",3,0,0,0
300,"@MaDaSaHaTtEr_17 @buttercupashby Another lie about the ""few bad seed"" All the polls show Muslim extremism. http://t.co/XIHmeTALon",3,0,0,1
301,"RT @ZaabSethna: This is well-written &amp; worth reading on daily life in Mosul today ""Caliphatalism?"" http://t.co/IbNJKUmHWk via @aminterest",3,0,0,0
302,"RT @peddoc63: Not High horse����high alert���
���Will Obama defend Christianity &amp; America or just ISLAM������@RedNationRising @gmiller1952 http://t.co���",3,0,0,0
303,@AAlwuhaib1977 @dankmtl @PeaceNotHate_ the abuse that Christians who are stuck living with violent Muslims endure.,3,1,0,1
304,"RT @sudixitca: Some people work very hard to make this world a better place, while others work very hard to book a drink and sex party in t���",3,0,0,0
305,@FarooqSumar @NafeezAhmed @MaxBlumenthal The Jews lived on 40% of the Arabian penninsula before the pedophile prophet started to murder them,3,0,0,1
306,@harmlesstree2 Your pedophile Prophet made it exceedingly clear what his intentions were for Jews and Christians. http://t.co/gVJcnOh5bm,3,0,0,1
307,@yuskan0723 The filthy Palestinians have attacked and murdered Jewish children in their schools in the past.  So fuck Palestinians.,3,1,0,1
308,@batchelorshow @edgeofthesandbx @FearDept Ask the Muslims.  They are the ones killing all the Jews.,3,0,0,1
309,@reza_rahman That's an excuse and a cop out.  Every single Islamic nation is repressive. They produce either dictators or theocrats.,3,0,0,1
310,@mutaSawwif There isn't even a remote comparison between Abu Grahib and those images. And what happens in those images represents Islam.,3,0,0,1
311,@thehill @donttreadonme65 Putin has literally thousands of hired trolls working the internet to shape opinion with Putin propaganda.,3,0,0,0
312,@discerningmumin What are you talking about provocation? Islam declared war with the world.  That is more than enough provocation.,3,0,0,0
313,@ibnHlophe @eeviewonders @CTFleaMarkets Jews used to live on 40% of the Arabian Penninsula.  Muslims have virtually exterminated them.,3,0,0,1
314,@98Halima @johnnygjokaj @BilalIGhumman @cdnKhadija @rfrankh53 I know that the scum Mohammed engraved hatred for Jews into Islam.,3,1,0,1
315,"@MoAnsar @arennie44 Furthermore, Islam demands that women be locked in their homes and covered. Stop lying. http://t.co/iVd1vihPFa",3,0,0,0
316,"@MiddleEastEye If you want to understand ISIS, understand Islam. They are exactly the same.",3,0,0,1
317,@roisin_morgan But Islamolunatic live by Islam and Sharia trying to fulfill Mohammed's wish to exterminate all Jews from peninsula.,3,1,0,1
318,@CamilleHughes16 @anthfieg1 @_Watch_Observe_ How many times do I have to tell you that most Muslims are extremists. http://t.co/n4sK0jFvmf,3,0,0,1
319,@_d_n_verg_ @stevesalaita Look at this ranting lunatic Palestinian. Interesting what he tells us. https://t.co/8cmfoOZwxz,3,0,0,1
320,"@ibnHlophe @sibanda_tapson @CTFleaMarkets Okay, we understand that you and your religion are terrorists.  Don't @ me any more.",3,0,0,1
321,"@watan71969 @geeky_zekey And looking at your page, I can see that you are in the business of photoshopping images, Islamist cocksucker.",3,0,0,1
322,@harmlesstree2 Like the Ottoman Empire was a pure slave state.,3,0,0,0
323,"@SirajZarook @BilalIGhumman @OdiniaInvictus @IsraeliRegime Jesus didn't murder, rape, rob, go to war or own slaves like Mohammed.",3,0,0,1
324,"@KellyTurner99 @brushyblues @buellerishere The rapist represent Islam because it's approved in the Quran and Hadiths, microbrain.",3,1,0,1
325,@dankmtl And off course the fact that the same is happening to minority populations all over the ME goes over your vacuous head.,3,0,0,1
326,@J_Eddine @DiversityRUs Bad logic.  If all Muslims did what their books of hatred and murder tell them they would all be dead.,3,0,0,0
327,"@birdSTL @MurdaMookez How can Palestine be free when it is ruled by Islamofascists that behead gays,practice honor killing,murder opposition",3,0,1,1
328,@harmlesstree2 And this proved to be true.When there was no one left to steal from in the Saudi area they became broken down criminal places,3,1,0,0
329,"@MalickBee Already did.  Found out that Islam is a vile, bigoted, hateful, murdering, 2, slavery supporting cult.",3,1,0,1
330,"@teddyboylocsin @tweetybird2009 @PatVPeters ISIS practices slavery and rape, Mohamed practiced slavery and rape.",3,0,0,1
331,@_Jihadi_ @ansaralummah2 @lIlIlllIlIllI Democracy only means that people get to elect their leaders. Islam means they are ruled by freak god,3,1,0,0
332,@NNdabbour64 And I would never go near a country with blasphemy laws.,3,0,0,0
333,@PTISalarKhan @georgegalloway Of course Muslim religious bigots like you think that is okay.,3,0,0,0
334,@OneLegSandpiper @DblBlackDs But Islam is the source and dealing with the symptom accomplishes zero. After ISIS and the rest will be more.,3,0,0,0
335,@AnnaMainwaring1 Your sadness is exactly what the terrorists want.,3,0,0,0
336,"@AMohedin Okay, so we understand that the Quran makes striking a woman an option and that the woman must obey the man.",3,0,1,0
337,"@PsychBarakat @PhilipMills8 @jncatron themselves clearly tell you that their intentions are a bigoted, 3 holy war of extermination.",3,1,0,1
338,@Vandaliser @sajid_fairooz @IsraeliRegime Islam is the religion of hatred and bigotry. http://t.co/speHOyfjU1,3,1,0,1
339,@IftikharAwan Did your prophet rape slaves like ISIS - yes.  Did your prophet tell women to cover up and stay home like ISIS - yes. #Islam,3,1,1,0
340,@dankmtl @PeaceNotHate_ Mohammed stated clearly in the Hadith that he wanted Muslims to breed like rats so he could take over the world.,3,1,0,1
341,@asem_1994 Mohammed was a slave owner and the Quran allows slavery. So ISIS returns to slavery. http://t.co/aVPyjTEK1Z,3,0,0,1
342,"RT @xertx3: Islam is a Worldwide mega disaster .Islam wants to drag us down to the 7th century, darkness, death and  destruction.",3,1,0,1
343,"@truaemusic Okay, show me where Buddha or Lao Tse ever hurt anyone or advocated anyone be hurt.",3,0,0,0
344,"@uygaraktas After committing genocide and murdering countless civilians, scum bag Deash try to use babies for propaganda.",3,0,0,1
345,@NNdabbour64 And you get to put an X on the Islamic bullshit bingo card. http://t.co/gDAGWcox9l,3,0,0,1
346,"@JihadiA8 @Lisa_Marie74 Islam declared war on all mankind 1400 years ago, now Muslims cry like babies when others respond in kind.",3,1,0,1
347,@discerningmumin Killing people because they believe differently than you and express that is not an excuse for murder except among Muslims.,3,0,0,1
348,@TheInfoIslam We all saw Cantlie's video of how Kobane was entirely taken by the Daesh and only mopping up was left.  We are still laughing.,3,0,0,0
349,@BDSSupporter The Zionist label is just something scum like you use to attack Jews.,3,1,0,1
350,@MEAN_MARINE One of the first thing the prophet Mohammed did in his Islamic quest was to start  murdering Jews.  It has never really stopped,3,0,0,1
351,@End_Bigotry @Bruciebabe @chezkig1 @edulixavot34 @MaxBlumenthal Human rights record of animals living in Palestine. http://t.co/qJcII9wcWi,3,0,0,0
352,"@SafeensS The nuns are wearing the chosen robs of the clergy, not what every woman is required to wear by the 2 religion.",3,0,0,0
353,@IAmThe1Teacher @IronmanL1 @stevecorrales80 It's utterly stupid to  tolerate the intolerance of Islam.,3,0,0,1
354,@discerningmumin The Muslims also invaded India and murdered 80 million Hindus. They virtually exterminated all Buddhist on in India.,3,0,0,1
355,"@omarsuleiman504 @asimb Chapel Hill is not surprising. What is surprising is that given the level of Islamic terrorism, there is so little.",3,1,0,0
356,"RT @saraewilliams: New chant outside the diwan in #Amman: ""No Tahawi, no Zarqawi, we want to execute al-Rishawi""",3,0,0,0
357,@Qoloob4 @Vandaliser @sajid_fairooz @IsraeliRegime Every day we get the results of the hatred bred by Islam. http://t.co/FafjRPlI6t,3,0,0,1
358,@harmlesstree2 Only an idiot that doesn't history would say that.You have never studied the barbarity of the Muslims during that entire time,3,0,0,1
359,"@congressman_aly No, the money comes from Muslims around the world who want a caliphate and the domination of Islam by force.",3,1,0,1
360,"@ShamiAnalyst No one ask for your pedophile serving propaganda, swine.",3,0,0,0
361,As long as we make feel good lectures and demonstrations about freedom of speech we are avoiding the real problem - the violence of Islam.,3,0,0,1
362,@ardiem1m @MaxBlumenthal @oldkhayyam Their current behavior now is not to end up being ruled and under the power of Muslims again.,3,0,0,0
363,"RT @disgruntledtory: If christianity is banned in Muslim countries, why do we allow Islam here?

Just asking",3,0,0,1
364,@KJBar @JulieBishopMP It will be the same evil tentacles that are already there in a different uniform.,3,0,0,0
365,@Bruciebabe @MaxBlumenthal Radical Islam on the rise in Indonesia. http://t.co/m1AUGT6RY3,3,0,0,0
366,"@semzyxx Do you approve of your pedophile prophet raping a 9 year old girl, like it says in 7 hadith?",3,1,0,0
367,"@BDSSupporter No, the Muslim states are the most murderous terrorist states on earth. It's not even close.",3,1,0,1
368,@discerningmumin Good. We have established that Muslims are slavers and that their humanity has failed to evolve past slave owning.,3,0,0,1
369,@ummayman90 And you can't use the culture excuse because Mohammed claimed to be guided by Allah and that he was creating a culture. #Islam,3,0,0,1
370,@ummayman90 As a percentage there are very few. And they are usually poor women who marry a Muslim man. There is nothing persuasive in Islam,3,0,0,0
371,"@tommydevlin1974 What is ""mainstream"" about him? Forgetting murdered Christians, closed universities, murdered doctors, women locked at home",3,1,1,0
372,@hstapanghosh They will all have no skills except jihad.,3,0,0,0
373,@Vandaliser @sajid_fairooz @IsraeliRegime I'd rather deal with a clown hopped up on mushrooms than a Muslim filled with the hatred of Islam.,3,1,0,1
374,"@rayyoosheh @waffle_gurl What race is Islam, nut case?",3,0,0,1
375,@roisin_morgan The Quran spells out global domination of humanity through jihad. The Torah has no such global aim.,3,0,0,0
376,"RT @God_Equals_Sant: Saudi Arabia sewer qurans. When you can't express your hatred for Islam in words, throw them in the sewer. http://t.co���",3,0,0,1
377,@greenlinerzjm @versacezaynx @nyazpolitics Most of the African slaves were slaves of Muslims.,3,0,0,0
378,"RT @Madasatrain69: @OZzSue @Muslim_Patrol @sneekinsneekout
Read an Islamist's tweet. http://t.co/7uAkhcWAvl
Insane.
Life denying. Heartless���",3,1,0,1
379,"@truaemusic This means that if you want to establish a humanist ideaology, Islam will get in the way much more than Buddhism.",3,0,0,0
380,@discerningmumin Oh please. Lecture me about porn when Muslims are the worlds biggest porn consumers and Islamic heaven is a brothel.,3,1,0,1
381,RT @dstfelix: to be clear white boys singing abt hanging niggers got them police protection. black ppl chanting Black Lives Matter got them���,3,0,0,1
382,RT @sudixitca: .@VSRamchandra Islam = Nazism. How could it be reformed? @manonive,3,1,0,1
383,@islamujahideen Islam is the perpetuity of oppression. And I thank ISIS for helping the world to kill Islam.,3,1,0,0
384,@DawlatnaMansura The phony Allah worshiping madrassa rats will die at the hands of controllers a thousand miles away.,3,0,0,1
385,@halalcunty @biebervalue @liamxkiwi @greenlinerzjm @halalflaws I know you have religious police telling how to dress.,3,1,0,0
386,"@Wonderstroke Mohammed was suppose to be guided by god, and his example was for all mankind for all time. He was not suppose to follow.",3,0,0,0
387,"@nrllhkose @BBCPaulAdams Either that murdering scum wins or the murdering, 2, genocidal Islamist scum wins.  Either way, scum wins.",3,1,0,1
388,@_d_n_verg_ @stevesalaita Palestinians are half Egyptian and half Saudi. Palestinians are the spearhead for the Arabs against the Jews.,3,0,0,1
389,Why would anyone loan money to Greece when they can be 99.9% certain it will never be paid back.,3,0,0,0
390,@JohnMannMP @JoRitson Now you assholes continue to victimize those girls by trying to create distractions while letting the rapists go free.,3,1,0,0
391,"@harmlesstree2 In fact, Mohammed and his thugs were starving before they captured Khybar, stole the Jews property, and made them pay to live",3,0,0,1
392,"@UmarFarooq_ @FaheemHus @jackmjenkins The example of Mohammed gives us a man who owned slaves, raped women, beheaded 600 Jews in one day.",3,1,1,1
393,@ajwatamr @ExposeFalsehood The follower of the pedophile prophet tries to be funny. But the world will outlaw Islam soon.,3,1,0,1
394,"@obsurfer84 Mohammed's excuse in every aggression is, ""I had to attack because I heard they were going to attack"".",3,0,0,0
395,"Muslims claim that there is no racism in #Islam.  But like everything else they claim, it is a lie. http://t.co/PiR6nd159a",3,0,0,1
396,RT @Juliet777777: MUSLIMS Australia to form  Australian All-Muslim Army impose sharia law http://t.co/4PRVBxHEbV   #FFRNN #WAKINGUP @TedtBa���,3,0,0,1
397,@Love___Egypt @washingtonpost The Jews are trying to defend themselves against Muslims trying to exterminate them. http://t.co/CQZS0zo0Li,3,0,0,1
398,"@truaemusic @mattybboi83 @Number10gov There is no comparing the vileness of Mohammed to Jesus or Buddha, or Lao Tse.He was simply a criminal",3,1,0,1
399,@reza_rahman You are basically claiming that a religion that teaches hatred and murder has nothing to do with hatred and murder. Dumb!,3,1,0,0
400,@RT_com Saudi would be a big joke if it wasn't crushing the lives of millions of people. #Islam,3,0,0,0
401,@oldkhayyam @ardiem1m @MaxBlumenthal I hate Islam because it is a religion based on hatred and Jihad. http://t.co/N60I1tFxhW,3,1,0,1
402,"@obsurfer84 Furthermore, all the Hadiths about Aisha's age are classified as Sahih - meaning Sound.",3,0,0,0
403,"@Dr_Jreid But Islam is proud of their slavery, imperialism, and genocide against minorities. The are murdering Kurds in Iran now.",3,1,0,1
404,"@muslmdawah If you search objectively, you will find that the pedophile prophet Mohammed declared war on all humanity 1400 years ago.",3,1,0,1
405,@sibelo76 I read the entire Quran and much of the Hadiths. I know more about Islam than most Muslims. It is a curse to all mankind.,3,0,0,0
406,"@wflanger @dandiedinmont @Number10gov Yeah, break relations with the only ME democracy that the Muslims are trying to exterminate. Smart.",3,0,0,1
407,"@cnni Nope.  With #democracy man makes all the laws by vote; with #Islam, Allah makes all the laws by the sword.  The two cannot coexist.",3,1,0,0
408,"@SirajZarook @BilalIGhumman @OdiniaInvictus @IsraeliRegime The Quran itself is the source of the hatred, murder, imperialism, sexism.",3,1,1,0
409,@adoomieforlyf @Shaffrazz That old lie again. Muslims repeat the same lie again and again. Here is the truth about it http://t.co/a6zuxxS4NE,3,0,0,1
410,@dankmtl When they left the Israelis to be slaughtered they lost the land as they deserved.,3,0,0,0
411,@no2_tweet Here are Churchill's views about the pedophile prophet. http://t.co/tX7LHgnwf7,3,0,0,0
412,"@MaDaSaHaTtEr_17 @buttercupashby There is no love and respect in the Quran. It is full of hatred, bigotry, sexism and incitement to murder.",3,0,1,1
413,@Salon @TheMuslimGuy Do you think that the brick heads at Salon know that the prophet Mohammed beheaded people in mass? #Islam,3,0,0,1
414,@LifeInKhilafah Daesh price list for Yezidi and Christian sex slaves. http://t.co/H4ELrfxhSm,3,0,1,1
415,@Clashoftherats @YusufPeaceful @tummala82 @IndyVoices Leave it to a Muslim to claim four translators are lying rather than admit the truth.,3,0,0,0
416,"@SirajZarook @BilalIGhumman @OdiniaInvictus @IsraeliRegime Buddhist teaching does not contain violence, hatred, or jihad. Islam does.",3,0,0,0
417,"@SirajZarook @OdiniaInvictus @BilalIGhumman @IsraeliRegime A good Muslim is good despite his bad religion, not because of it.",3,0,0,0
418,RT @peddoc63: ���Obama swindling future generations of Americans adding 9 trillion dollars to debt����@CarmineZozzora #WakeUpAmerica http://t.co���,3,0,0,0
419,"@asem_1994 Mohammed raped slave girls, the Quran approves of the rape of slave girls - so ISIS rapes, slave girls.",3,1,0,0
420,"@BDSSupporter Who cares where they were born, camel breath, they call themselves Israelis and Jews.",3,0,0,1
421,@ldstarr18 @AC360 You are a liar trying to shut people up using the term  #3.  Islam is not a race and you know it. It is a death cult.,3,0,0,1
422,@ILTAFSHEHZAD Why would I care about the opinion of a guy who follows a pedophile prophet?,3,1,0,0
423,@MaxBlumenthal @mehdirhasan @tnr Imagine a Muslim journalist making a case for why ISIS is not Islamic.  No self interest there. LOL.,3,0,0,0
424,@Abu_Baraa1 @Myself_00001 Now if we can only get the world to recognize that Islam declared war on humanity 1400 ago and outlaw it.,3,0,0,1
425,@MaxBlumenthal @veganforareason @brendlewhat @dhere A Muslim woman talks about sex slaves while Max panders to them. https://t.co/jXPDgugY01,3,0,0,1
426,@zakirnaikirf Saying that Islam is a way of life means that it tells you that you cannot have democracy and must instead follow a pedophile.,3,0,0,1
427,@mutaSawwif If you don't like hate then you will have to rewrite half of the Quran.,3,0,0,0
428,"@IAmThe1Teacher The Quran spend 1/3 of it's space hating on ""unbelievers"".  That's hard to put aside. http://t.co/fQ99V6SIYG",3,0,0,0
429,"@LifeInKhilafah Well, since Islam is full of hate and divisiveness, it does bring thugs who hate to Islam.",3,0,0,0
430,@YRohaibani @ajwatamr So you just blow off the ones murdered by the Islamists.  Using dead kids for your religious objectives.,3,0,0,1
431,"@congressman_aly No, the Muslims worldwide are the problem. Israel is protecting itself against the same Muslim persecution that is global.",3,0,0,1
432,@dancohen3000 @MaxBlumenthal Wheras the Arabs really are behaving people and you scum are ignoring it.,3,1,0,0
433,@anthfieg1 @CamilleHughes16 @_Watch_Observe_ Can we kill for Don? And does he give us a bunch of virgins in heaven for doing it?,3,1,0,0
434,@BilalIGhumman @OdiniaInvictus @IsraeliRegime That old line of BS.  There are over 100 Islamic terrorist orgs. No other religion is close.,3,1,0,0
435,"@Vandaliser @sajid_fairooz @IsraeliRegime Even with what Hitler did to Jews, still more want to live in the west than under hatefilled Islam",3,1,0,0
436,"@LLiraqi I guess if you call murder, rape, slavery, hatred, bigotry and sexism beautiful, then it is beautiful.",3,1,1,1
437,"@eS3udi @Just_Nafisa @FatimaFatwa @JRehling If you are a Muslim, and if you have actually read the Quran, then you have to be a total liar.",3,0,0,0
438,@AbuYigitAlCahrz @LeonardoMaxwel1 Another barbaric aspect of Islam is to murder people for the way they were born.,3,0,0,1
439,@Just_Nafisa @FatimaFatwa @eS3udi @JRehling Of course.  That is because Islam is a religion of murder and other Muslims are in rifle range.,3,1,0,1
440,@cdnKhadija @johnnygjokaj @BilalIGhumman @98Halima @rfrankh53 And the Quran sanctions raping slave girls.,3,1,0,0
441,@States_Mujahid2 @Islam4EA Allah scewed up when he planned on Kobane. Now the free citizens of Kobane are rebuilding. http://t.co/0wCXCzfU7M,3,0,0,0
442,"@alihadi68 @rudoren @nytimes Hey, at least he doesn't murder people for apostacy and blasphemy like your tribe of scum.",3,1,0,0
443,@usamani1 Seems like being a Muslim and living off a steady diet of conspiracy theories go together.  Islam is a religion of ignorance.,3,1,0,1
444,@suranie Exactly.  Merkel is defending this.  And the protesters are called Islamophobes for being against it. http://t.co/08ZwRcTo88,3,1,0,1
445,Saudi cleric believes earth does not revolve around sun. There must be 50 ways to return to the 7th century with #Islam as your expert guide,3,0,0,0
446,@IAmThe1Teacher @stevecorrales80 @IronmanL1 Islam declared war on all humanity 1400 years ago.  And nothing has changed.,3,1,0,1
447,@ardiem1m @MaxBlumenthal @oldkhayyam No it is the Muslims that have done the ethnic cleansing for 1400 years. Israel is putting a stop to it,3,1,0,1
448,"@CavusSeyit @EuklidProof @Kobane_YPG As a certified inmate of the Islamasylum, you don't have the ability to judge.",3,0,0,0
449,@harun_yahya You and your religious brothers are the real filth of the earth. PKK rescued Yezidis from your animal friends.,3,1,0,1
450,@dankmtl The prophet Mohammed fired the starting gun for the extermination of Jews and Christians from peninsula. http://t.co/V1IIOoItIg,3,0,0,1
451,@Noughtii_faya Islam teaches exactly what ISIS practices.,3,0,0,1
452,"@RomeroScott Not gunmen, Muslim terrorists.",3,1,0,1
453,@NNdabbour64 It's not what I think. It's what I have already proven to you multiple times.,3,0,0,0
454,@ardiem1m @MaxBlumenthal @oldkhayyam Forget about your anti Jewish bigotry. How do you explain Hamas beheading gays and honor killing women,3,1,0,1
455,"@JoRitson Is this your way of saying that you approve of Muslim men raping children, scumbag? Ignore the problem and create a distraction?",3,1,0,1
456,@MaxBlumenthal @NafeezAhmed LOL. With conspiracy theories like that are you sure that you aren't a madrassa graduate?,3,0,0,0
457,"@IAmThe1Teacher @IronmanL1 @stevecorrales80 So, are people who support murder for apostacy guilty of anything? http://t.co/KmrPOXcoGa",3,0,0,0
458,@ibnHlophe @sibanda_tapson @eeviewonders @CTFleaMarkets All of the land the Muslims have they colonialized.,3,0,0,0
459,"@SirajZarook And traitors are individuals, not tribes and their women and children. You make up lying excuses for barbarity like a Muslim.",3,0,0,1
460,@PatVPeters Funny how defenders of Islam like to bring up the crusades. But the Muslim crusaders were attacking Christianity first.,3,0,0,0
461,"@yousufpoosuf @HillaryGuess @riwired @izrinhariri @AtharHKhan They claim, ""oh you insulted our religion"" and kill them.",3,0,0,0
462,@digvijaya_28 This guy spouted one lie after another and there is no response in this video.  Just typical lying Muslim propaganda.,3,0,0,1
463,@AMohedin My 2:282 says that you can replace the testimony of one man with that of two women.,3,0,0,0
464,"@Col_Connaughton Muslims train babies to hate and murder, then use them for propaganda. http://t.co/c7DlwIXjPc",3,1,0,1
465,@BYRONFBERRY Good. Time to confront the cult of hatred and murder #Islam,3,0,0,1
466,@MaxBlumenthal But who can blame him with his 24/7 schedule of promoting anti Semitism.,3,0,1,0
467,"@Ammaawah @jm111t Women should have the same sexual rights as me, but Islam says they clearly don't.",3,0,1,1
468,"RT @RavenHUWolf: Bloodthirsty Muslims flock to ISIS' theatre that loop jihadi atrocities they enjoy watching.
http://t.co/c96V6MwGnz http:/���",3,0,0,1
469,"@yousufpoosuf @RKingLive2Dance @izrinhariri No, the quotes mean exactly what they say. But most people are naturally less hateful than Islam",3,1,0,0
470,"@AlterNet @MaxBlumenthal No, it doesn't suggest that. Islamolunatics and left wing lunatics suggest that.",3,0,0,0
471,@UmarFarooq_ @FaheemHus @jackmjenkins The later verses abrogated the earlier verses and what remains is violent and imperialist.,3,0,0,0
472,"@anjemchoudary Your prophet was a rapist, murderer, pedophile, caravan robber, slave trader, bigot and 2. God would never use the scum.",3,1,0,1
473,"@Qoloob4 @Vandaliser @sajid_fairooz @IsraeliRegime Mohammed always lied, saying he had to attack because others planned to attack him.",3,0,0,0
474,"@sajid_fairooz @IsraeliRegime Then he launched a completely unprovoked attack on the Jews of Khybar, murdered many and stole their land.",3,1,0,1
475,@truaemusic Who cares if it has been revised a million times. What does that have to do with the barbarity of Islam?,3,0,0,1
476,@substerrr Muslims want to be able to abuse other while at the same time pretending to be victims.,3,1,0,1
477,@IftikharAwan You choose your religion and Islam is clearly barbaric and inhuman. It has zero to do with god.,3,1,0,1
478,@NNdabbour64 A religion that declares war on humanity has no respect for anyone and is hypocritical to ask for respect.,3,0,0,0
479,@NNdabbour64 These are all excuses to hide the fact that you are following an evil and inhuman religion.,3,0,0,0
480,@discerningmumin But the western world gave up slavery on it's own. No one forced them from the outside.,3,0,0,0
481,"@iyad_elbaghdadi @WarHorse2014 As long as it's not an Islamolunatic in power that forces Sharia on people who don't want it, who cares.",3,0,0,0
482,RT @Juliet777777: Norway sees huge drop crime as large number  Muslim illegals deported  http://t.co/6VBvvPWn1Q @FrancsPays @DutchDL @OZzSu���,3,0,0,1
483,@Saudi_Castro @donttreadonme65 @zaki_safar KKK is almost non existent. But most Muslims are terrorists. http://t.co/zwTor5YYxD,3,0,0,1
484,"@ummayman90 When people leave Islam, they don't announce it.  They just quietly walk away.",3,0,0,0
485,"@shehzilk Stupid comment. That was illegal for US soldiers and they were punnished.  For Muslims, their organizations make murderers heroes.",3,1,0,1
486,@SelenaKhan14 @PTISalarKhan @georgegalloway The Israelis are fighting not to become the minority victims that all other minorities are.,3,0,0,0
487,@SumerSloan @PAWarnhoff @etsho127 Why haven't you stopped the sick Muslims from trying to exterminate Israel?,3,1,0,1
488,@adimuliapradana It is the Muslims that don't follow the Quran and Hadiths that are peaceful. Those who follow it are always violent. #Islam,3,1,0,1
489,RT @MaguidhirP: @Juliet777777 @GROGParty Socialists and Moslems - working together to destroy Australia.,3,0,0,0
490,@OccuWorld ROFL. Jews used to live on 40% of Arabian peninsula. Who is committing genocide against who?,3,0,0,1
491,"RT @JimHumbert: After Liberal Atheist Murders Three Muslim Students who were Members of Anti-Semitic, Muslim Bro��� http://t.co/pNTMamdq99 vi���",3,1,1,1
492,@NNdabbour64 Islam is the only religion that has large forces of religious police running around telling people what they must do.,3,0,0,1
493,Notice how the news media avoids pointing out that the murderers of the 12 French are followers of the death cult of #Islam.,3,0,0,1
494,RT @NYDailyNews: EDITORIAL: Murderous soul of radical Islam has attacked the foundation of Western civilization http://t.co/vbu2idLCCt http���,3,0,0,1
495,@Kaya786 A phobia is an irrational hatred. There is no such thing as a  phobia for a hatred that is rational.,3,0,0,0
496,"RT @Greg389: Theresa May today pleaded with #Jews not to leave. Jews build wealth, Muslims take welfare. Simple economics. http://t.co/lvaN���",3,0,0,1
497,@AngelicPsalms @brassidio Stop threatening people to get them to do what you want.  That's why people hate religion.,3,0,0,0
498,@HuffPostRelig What an incredible piece of garbage.  The Muslims crusaded against the Christians 400 years before Christian crusades.,3,1,0,1
499,"@IftikharAwan One must imagine god being insulted by having such a hateful, war mongering, decisive, bigoted, 2 religion calling him.",3,1,0,0
500,@ameytahl @buberzionist @MJayRosenberg Maybe you should encourage more Jewish girls to marry black men to show how you are open minded.,3,1,0,1
501,@TawheedNetwork_ Quoting from the book of violent fairy tales again?,3,0,0,0
502,RT @riwired: .@HillaryGuess That pleased Hitler. Grand Mufti provided Hitler w/ armies of Muslim soldiers from Europe. #Tszarnev @VileIslam���,3,0,0,1
503,@Mwforhr @FauxNews_ @bebird @LVview FSA sold weapons they got from US to the Islamofascists.,3,0,0,0
504,@yousufpoosuf @RKingLive2Dance @izrinhariri And most Muslims are actually better behaved than their religion leads them to be.,3,0,0,0
505,@LifeInKhilafah The cancer of Islam pushes even babies to begin thinking about murdering their fellow human beings.,3,0,0,0
506,@Vandaliser @sajid_fairooz @IsraeliRegime Euclid uses Algorithms long before Islam existed. So stop with the garbage. http://t.co/D8XrtdEYao,3,0,0,0
507,"@ibnHlophe @eeviewonders @CTFleaMarkets Your text is a fraud brought by a pedophile, slave trader, rapist, murderer, bigot, 2, robber.",3,1,0,1
508,@alihadi68 @MaxBlumenthal @rudoren @nytimes Your proph beheaded 600 Jewish men &amp; sold the women and children into slavery. And you love him.,3,1,0,1
509,"@congressman_aly @jessicaelgot There is no such thing as Islamophobia, just as there is no such thing as Naziphobia.",3,0,0,0
510,"@Israelites234 @scamp_faridxx @CNN The first crusaders were Muslims, microbrain.  400 years before the Europeans headed in other direction.",3,0,0,0
511,@KhaledHamaki I don't care.  It's none of Mohammed's business what religion someone wants to be.,3,0,0,0
512,"@truaemusic Mohammed led 17 military expeditions, beheaded 600 Jews in one day, married a six year old girl, etc. etc. Get the picture?",3,1,0,1
513,@LifeInKhilafah You must be really young and ignorant if you think a few bombing runs are going to cause anyone to miss a meal. LOL.,3,0,0,0
514,RT @PeterTownsend7: #isis #quran #Islam 'No Compulsion in Religion' (Qu'ran 2:256)? Think again!  http://t.co/58fFleMt1n http://t.co/fXZDSr���,3,0,0,0
515,"@AalawOfficial According to your own canon, your prophet is a pedophile, murderer, rapist, caravan robber, slave trader, 2 and bigot.",3,1,0,1
516,@semzyxx @NAInfidels @owais00 I don't give a shit about what the Talmud says because  Jews all live under secular laws not under Talmud.,3,0,0,1
517,"RT @joannapage784: Women are being subjected to 'brutal, ab0' sex acts after marrying Isis militants http://t.co/ypFlKJdVTM",3,0,1,0
518,@wilytone @jmorgan_jamie @SenTomCotton @GOP The Islamist were there the whole time.  It was only the dictators that kept them quite.,3,1,0,0
519,@DianH4 @ajwatamr @ExposeFalsehood That's when a 53 year old man marries a 6 year old girl and screws her when she is 9 like Mohammed.,3,0,0,1
520,"@dankmtl No, the problem of the Palestinians and all Muslims is that they cannot stand for a Jewish state to exist on the peninsula.",3,0,0,0
521,@LibyaLiberty @SumbelinaZ You are lying. Most Muslims are still extremists. http://t.co/u7L1uPRN7L,3,0,0,1
522,@CaliphateCop @Saeed6Ali Raping 9 year old girls is allowed in Islam. So where are child soldiers outlawed?,3,0,0,1
523,@RaniaKhalek @MaxBlumenthal Odeh's actions in the US proves that she is a lying criminal and so undoubtedly lied about what happened in Isr.,3,0,0,0
524,"RT @koda1950: @LeMarquand exactly WHAT has Islam EVER done other than subjugate women, kill and torture?!",3,1,0,1
525,@MaxBlumenthal @mehdirhasan @tnr Mohammed was a pedophile who married a child. ISIS marries many children. http://t.co/hB4uw1F5Zd,3,0,0,1
526,@yousufpoosuf @RKingLive2Dance @izrinhariri The only thing that stopped Muslim slaughter in historical past was military defeat.,3,0,0,0
527,"@DianH4 @ExposeFalsehood And it is Muslims who were the first crusaders, attacking the Christian world for centuries before it attacked back",3,0,0,0
528,@asem_1994 Good morning.  Here is the history of Islamic slavery. https://t.co/xWJzpSodGj,3,0,0,1
529,@cdnKhadija @johnnygjokaj @98Halima @BilalIGhumman @rfrankh53 Tell me something that ISIS does that Mohammed did not do.,3,1,0,1
530,@PeninsulaQatar Not a real expansion. Just already existing local terrorists declaring loyalty to the worst of the worst.,3,0,0,0
531,@buttercupashby @MaDaSaHaTtEr_17 Mohammed was a murderer who had people killed for disagreeing with him.,3,0,0,0
532,@soofy_01 And by doing so she helped subject the world to 1400 years of terrorism.,3,0,0,0
533,"RT @funnyordead_: Islam according to ex-muslim: Not me 
This guy: PakistaniGuyDontHugMeMySuicideJacketMigh tGoOff 
And I think t... http://���",3,1,0,1
534,@AbbsWinston @andyblueskyz In Palestine a woman like you would have been honor killed long ago.,3,1,0,0
535,"@harrietyarker They have been beheading Christians, Jews, Buddhist, Hindus, Ezidis, etc. for 1400 years. Their prophet did it from the start",3,1,0,1
536,@Sayfudeeen Why do you complain?  Islam has been ethnic cleansing everybody for 1400 years.  Isn't it time to return the favor?,3,1,0,1
537,@logicalmind11 Really? Don't you know anything about your evil religion? http://t.co/c0Ode7cC76,3,0,0,1
538,"@PoliticalAnt @Politics_PR @FoxNews Look at the data, dipwad, 1/3 think that people who leave Islam should be killed. http://t.co/MfTOt9ijtY",3,1,0,1
539,"@KenIsaacs1 @RaymondArroyo @DavidLimbaugh @AP Yes, if we just sit on our butts and let them murder and enslave Ezidis and Christians, ...",3,0,0,1
540,"@mutaSawwif No, it's obvious that who is the target of the weapon that is the issue. Killing terrorists with any kind of weapon is good.",3,0,0,0
541,"@AndyG244 So which ones are the ""moderate"" Muslims? http://t.co/Q1ArIVGq6H #Islam",3,1,0,0
542,"RT @Ratillathehun: @1959greenarrow @ProudPatriot101 @george3612 There angry over cartoons but not beheadings, people being burnt alive, or ���",3,1,0,0
543,"@DorvalTony @brassidio If rape, murder, pedophelia, bigotry, war, sexism, and genocide are just and peaceful, the Islam is just and peaceful",3,1,1,0
544,@greenlinerzjm @versacezaynx @nyazpolitics do uk enough to understand the history of Islamic slavery? https://t.co/xWJzpSodGj,3,0,0,1
545,"@gdwessel Question is, why don't the German criminal prosecutors announce an investigation into Islam's incitement to hatred? #Islam",3,1,0,0
546,"@98Halima @BilalIGhumman @johnnygjokaj @cdnKhadija @rfrankh53 If you don't want to read a pedo, you have to stop reading the Quran.",3,1,0,0
547,"@Zahoorgorsi Next step, learning to ride a bicycle, and then learning to ride a camel.",3,0,0,0
548,RT @PeterTownsend7: #ISIS #Muslim You're a woman and you're committed to #Islam? You cannot be serious! http://t.co/d73Nxufiy0 http://t.co/���,3,0,1,0
549,@REMY119 The Muslims have exterminated Christians and Jews all over the ME and continue today.  Where are the UN resolutions?,3,0,0,1
550,@congressman_aly All of Islam is blinded by hatred. The religion was built on hatred and intimidation. http://t.co/jpqOlzJRGi,3,1,0,1
551,RT @mickk1954: #Christian #Jewish #Faith made #America not #ISLAM please take it back to the #SandPile and kill eachother #Dearbornistan no���,3,0,0,1
552,@zakirnaikirf The fact that I have a brain prevents me from accepting Islam.,3,0,0,0
553,"RT @deegy2: Islam is a religion of hate, violence, and deceit. http://t.co/53PbSh0rf2",3,0,0,1
554,@anjemchoudary But Islam puts out the light and makes life too dark to bear.,3,0,0,0
555,We would be much better off figuring out what to do about Islamofascim than ranting about freedom of speech or who went to Paris. #Islam,3,0,0,1
556,"@BenjaminNorton @uygaraktas Considering the endless stream of murders against minorities by Muslims, who cares.",3,1,0,1
557,"@kewldevzzo Yes, according to Islam, Muslims are encouraged to kill you.  I'm not a Muslim and I have no issues with Hindus.",3,0,0,0
558,"@MaxBlumenthal @CarolineFourest No matter how desperately race baiting trash like you want Islam to be a race, it's not.",3,0,0,0
559,"@Vandaliser @sajid_fairooz @IsraeliRegime Go read what the Pact says, and don't waste my time.",3,0,0,0
560,RT @anglosaxonryder: #Lakemba Muslim protest was a complete failure. Aussies don't want Islam here. It doesn't suit our way of life. Just l���,3,1,0,0
561,@ginnysimmons @femfreq Who cares? The only issue is are they guilt or innocent.  All the rest is race baiting by assholes like you.,3,0,0,0
562,"RT @4chunat1: CNN reports on the murders of homosexuals by the Islamic State, but the problem isn���t just ISIS, it���s Islam http://t.co/ocd3R���",3,1,0,1
563,"@_enzk @NNdabbour64 And if someone wants to leave Islam, then Islam declares him an apostate and demands that he be murdered.",3,0,0,0
564,@yuskan0723 Here is what the scumbag Muslims do with children.  And then they use them for propaganda. http://t.co/JG5MeWh1ur,3,1,0,0
565,@NNdabbour64 And no one is entitled to a belief that denies other people their believes. http://t.co/pli8wePBsf,3,1,0,0
566,"@CamilleHughes16 @_Watch_Observe_ I don't really care what some Muslims practice.  I care that Islam encourages murder, hatred, sexism.",3,1,1,0
567,"@PhilipMills8 @PsychBarakat @jncatron Outside the Israel conflict, Hamas still beheads gays, does honor killings, throws opponents off roofs",3,1,0,1
568,@Abu_Talal2 1400 years ago Islam stole all women's rights and turned them into slaves forever.,3,1,1,0
569,"@98Halima @johnnygjokaj @rfrankh53 @BilalIGhumman @cdnKhadija No Muslim land has ever lived under anything but tyrants, dummy.",3,0,0,1
570,"@ibnHlophe @eeviewonders @CTFleaMarkets Actually, it's Islam that has to be destroyed for it's crimes against humanity.",3,1,0,1
571,@harmlesstree2 Who cares who defined it. The Muslims lived off the production of the Jews and left them impoverished.,3,0,0,1
572,@ZorazZora @zackbeauchamp Furthermore many Muslim countries don't even have a record system to account for all murders.,3,0,0,0
573,"@nyazpolitics @urgedharry @greenlinerzjm I have three translations of the Quran, microbrain. And I know far more about Islam than you.",3,0,0,0
574,@HuffPostRelig Islam maintained slavery much longer than Christianity and only gave it up under western pressure.,3,0,0,0
575,"RT @arrowsmithwoman: @sudixitca @KenRoth  It's a calculated Arab policy, to keep the Palestinians in a state of desperation to incite more ���",3,0,0,0
576,@congressman_aly I know that the terrorist organization Hamas has not had another election since their first one.,3,0,0,0
577,@anjemchoudary Maybe you can give a talk about how the 53 year old Mohammed raped the 9 year old Aisha. http://t.co/qFk56qU5Og,3,1,1,1
578,@asem_1994 But all the crimes of Islam are exactly according to their beliefs.,3,0,0,0
579,"@liamxkiwi @greenlinerzjm @halalflaws @biebervalue Yeap, leave it to a Muslim to consider stoning women to death as funny.",3,0,0,1
580,"@Raja5aab @Quickieleaks So tell me, what could possible happen that you would consider to be proof that Allah and Mohammed were frauds.",3,0,0,0
581,"@dankmtl Hell, t Muslims are everywhere chanting death to everybody. Jews only have trouble with Muslims. Muslims have trouble with everyone",3,1,0,0
582,"@MaxBlumenthal  ISIS is different from Max's friends, Hamas. ISIS throws gays off rooftops. Hamas beheads gays. http://t.co/PAJ595GF5b",3,0,0,1
583,@UmarFarooq_ ROFL.  No one with a brain will want a madrassa education.  Will they teach Mohammed's remedies? http://t.co/dxJ6oEj19B,3,0,0,0
584,@geeky_zekey Thanks for showing again that blacks are the biggest 3s. Blocked,3,1,0,1
585,"@semzyxx @NAInfidels @owais00 There is nothing in the Quran about forbidding child marriages, and Mohammed married Ashia at the age of 6.",3,0,0,0
586,@ZamiraTwitt Erdogan is a fascist Islamist scum bag. Women's employment has decreased 30% under him. Violence against women has increased.,3,1,1,0
587,@buellerishere @KellyTurner99 The Muslim citizens of Raqqa enjoying a peaceful day of beating three men to death. http://t.co/ki4tdL3IDR,3,0,0,1
588,"RT @WolfSpirit2013: Obama's peaceful Islam. Islam that ""no one"" is allowed to challenge, even if it means muslims threatening your life. ht���",3,0,0,0
589,@HillaryGuess @riwired @izrinhariri @AtharHKhan Now you see ISIS following the Quran and Hadiths and prophet exactly in their genocide.,3,1,0,1
590,@PeopleMagUpdate And some idiots want to support the Muslims that are trying to exterminate Israel.,3,1,0,1
591,@MaxBlumenthal @mehdirhasan @tnr Mohammed loved robbing caravans and looting for a living. ISIS robs and lots for a living.,3,1,0,0
592,"@sibelo76 Actually, they follow the Quran and the Hadiths exactly. It's the ""moderate Muslims"" who ignore  much of their canon.",3,0,0,0
593,"@TheInfoIslam That's the disadvantage of following a religion of uneducated morons, so that you have to rely on Kufir for everything.",3,1,0,0
594,@AbouAliZarif @MaxBlumenthal The Muslims have exterminated virtually every minority in the ME and these idiots talk about Israeli aparthide.,3,1,0,1
595,We all assume that societies will progress. But #Islam forces societies to regress. Afghanistan 1950 and now. http://t.co/DnHuQ2pbuX,3,0,0,1
596,"@Qoloob4 @Vandaliser @sajid_fairooz @IsraeliRegime Yes, there is even more rape in Muslim countries but it is not reported.",3,0,0,1
597,@NNdabbour64 That is a load of manure. It says the same thing in translation as it does in Arabic. It is still a pile of hatred and murder.,3,0,0,1
598,@UmarMal You Muslims should kiss our ass for buying your oil.  If we didn't you'd be riding camels and the population of the ME would be 1/3,3,1,0,1
599,@JosephIsVegan @SumbelinaZ @IronmanL1 @Hatewatch The Department of Justice report says blacks kill at 6 times the rate of whites.,3,0,0,1
600,RT @historyscoper: #islam #jihad SWEDISH MEDIA LIE to protect Somali Muslim gang-rapists http://t.co/AcmF7CG9bj,3,0,0,0
601,"@labajetta_mike @RednetSarah @ISIS_Med Let me guess, you've got no friends and no career.  Either that or you are a psychopath.",3,0,0,0
602,"@LifeInKhilafah The prophet Mohammed was illiterate, superstitions, and knew nothing but war, theft and slave trading.",3,0,0,0
603,Imam's who disagree with Jihad are attacked by Muslims.  So where are these moderate Muslims?  #Islam http://t.co/hkh5tyEIej,3,0,0,0
604,"RT @tomesimpson: Our political leaders are worried about offending people���s feelings.  As a result, innocent people have died!  #Islam  #Pa���",3,0,0,1
605,@mehrdad20090706 @TalebAshrafi @iran_policy Do you think that they do it because the prophet Mohammed fought for plunder?,3,0,0,0
606,RT @ha_bibti: MT @aaronstein1: #Turkey is now the only major (Muslim majority) country in the Middle East that is not bombing #ISIS,3,0,0,0
607,"@ummayman90 @wood_brwood333 For example, in Medina Mohammed said, kindly cut off the heads of these 600 Jewish men and enslave their women.",3,1,0,1
608,"@dlsaudiarabian Yes, it's a violation of Islam because Islam demands that he be beheaded rather than burned.",3,1,0,0
609,"@BilalIGhumman @98Halima @johnnygjokaj @cdnKhadija @rfrankh53 Like I said,that is a stupid comment that seeks to hide the vileness of  Islam",3,0,0,1
610,"@UmarFarooq_ @FaheemHus @jackmjenkins And what are the Muslim scholars going to do?Say,""You caught us, our religion is violent and barbaric""",3,0,0,0
611,"@Abu_Baraa1 Dumb Muslims complain about freedom of speech and support blasphemy laws at the same time. What a disgusting, inhuman religion.",3,1,0,0
612,To Muslims a woman walking down the street is a giant vagina demanding to be raped if she is not covered by a tent. http://t.co/XTd6RTpRB8,3,1,1,1
613,@anjemchoudary We could care less how much you love the fraud.  We have the right to think of him any way we want and express that.,3,0,0,0
614,"If ISIS has nothing to do with #Islam then why doesn't it attract Jews, Himdus, Buddhists, Taoists, Atheists, Christians. Why only Muslims?",3,0,0,1
615,@RaniaKhalek @MaxBlumenthal @Phan_N What about Muslim blasphemy laws. They lead to lynch mob murder. Let's stick to important stuff.,3,0,0,0
616,@Asadumarfans You are a Muslim. You are brain dead. You repeat what others have said a million times.,3,0,0,0
617,"@harmlesstree2 Today, Christians are still murdered by rampaging Muslim mobs in Pakistan and Egypt.",3,0,0,1
618,RT @edwinrowe: #Egyptian TV Host: Nobody Dares Admit That ISIS Crimes Are Based on Islamic Sources http://t.co/mzk5YMgzuN Egypt more honest���,3,0,0,0
619,@KamelNasrEldien Islam is about as perfect as Nazism.,3,0,0,1
620,@MaxBlumenthal @mehdirhasan #Islam wants women to stay in their houses and cover themselves. ISIS makes sure that they do.,3,0,1,0
621,@Ali_Gharib @MaxBlumenthal Do you think that he is Jewish any other way than by birth?,3,0,0,0
622,@nyc2peach @sajid_fairooz @IsraeliRegime The Muslims are out of control and determined to steal the last tiny piece of land left to the Jews,3,1,0,1
623,@MaxBlumenthal Too stupid. Hamas is a murdering terrorist group that forces Islamist oppression on everyone the can.,3,0,0,0
624,@hal2012 @GerardGeorges4 @PentagonPresSec But certainly exterminate all terrorist and jihadi groups.,3,0,0,0
625,#MKR  Lost the plot - where's the big Texan with the elephant sized steaks that they all have for brekkie ?,3,0,0,0
626,@dankmtl With the third Jewish tribe he beheaded all the men after they surrendered and sold all the women and children into slavery.,3,0,0,1
627,@AAlwuhaib1977 And the Muslim bigots have been attacking Hindus and Buddhists and atheists and anamists all over the world daily.,3,0,0,1
628,@discerningmumin Mohammed owned 28 slaves. So if you are against slavery you are against Mohammed. Otherwise you are just bull shiting.,3,0,0,0
629,RT @sudixitca: Muhammad was the inventor of thighing. He started molesting Aisha when she was 6 years old. @Shahzadadeindia cc: @TarekFatah,3,1,1,1
630,@ZorazZora @zackbeauchamp This is an idiotic study made with an objective in mind.  Terrorism is not included in the murder rate.,3,1,0,0
631,RT @PeterTownsend7: #ISIS #Islam PC Puzzle: Converting to a religion of peace leading to violence? http://t.co/TBJUsaeMUH http://t.co/G4xOh���,3,0,0,0
632,@AnwarPrince14 @SABCNewsOnline Why not? The Palestinians behead gays and honor kill women.,3,0,0,1
633,@MadDr11 @MaxBlumenthal And in the meantime the Palestinian fuckers are beheading gays and doing honor killings.,3,0,0,1
634,@DawlatnaMansura He says while immersed in Kufiri invented and built devices.,3,0,0,0
635,"@DianH4 @InviteToIslam And madrassa rats are always stupid, like the one who just claimed that the sun goes around the earth.",3,1,0,0
636,@dankmtl If Israel had given Palestinians the right to return they would now be suffering the same fate of all minorities under Islam.,3,0,0,0
637,@NomCookiesNom Why is it that no other religions have statistics that are even close in the production of terrorism.,3,0,0,0
638,@MaxBlumenthal Every border that Islam shares with every other religion is bloody. But we are suppose to believe it's the Jews fault.,3,1,0,0
639,@ardiem1m @MaxBlumenthal @oldkhayyam You think Hamas doesn't  practice cruel and inhuman treatment of Palestinians? Are you blind?,3,1,0,0
640,"@semzyxx @NAInfidels @owais00 As you can see for yourself, pedophelia is illegal in Israel, but is legal in Muslim countries. Outlaw Islam!",3,0,0,1
641,@DorvalTony True. And most of them were from well off families. And their radicalization follows their increased attendance at Mosques.,3,0,0,0
642,@alikoeln He is following the example of his prophet who married one of his wives at 6. They do everything their prophet does exactly. #Isam,3,1,0,0
643,@sweden In fact many Muslim countries have the same odious laws as Daesh. This shows sex slaves are approved in KSA. http://t.co/rlwz0BqUBs,3,0,0,1
644,"@discerningmumin It's Muslims that do virtually all the killing.  For example, 80% of civilians killed in Afghanistan are killed by Taliban.",3,1,0,0
645,@congressman_aly I know that Muslim bigotry has driven all the Christians out of Palestine.,3,1,0,1
646,@NNdabbour64 Every child that is brainwashed and never given a choice is force.,3,1,0,0
647,"@Raja5aab @Quickieleaks Yeah, I read that. And every verse of the Tao Te Ching is superior to every verse of the Quran. So Quran is fraud.",3,0,0,0
648,@JoRitson Pieces of shit like you are doing everything in your power to exterminate white people.,3,0,0,1
649,"@IslamRevlution @islam4libya5 @BintStranger Again, why shouldn't everybody hate Islam?",3,0,0,0
650,"@buttercupashby @MaDaSaHaTtEr_17 Mohammed attacked the third Jewish tribe in Medina, beheaded all of it's men, sold all the rest to slavery",3,1,0,1
651,@MaliniP Screw Francis.  Any Pope that will not stand up for freedom of speech should not be Pope.  Get rid of the clown.,3,1,0,0
652,@WithTrish @JRehling The world is doing nothing. Islam is producing the terrorist activities and has been for 1400 years.,3,0,0,1
653,"@OdiniaInvictus @SirajZarook @BilalIGhumman @IsraeliRegime No, Muslims follow a religion based on terrorism, not Jews.",3,0,0,1
654,"@AnasMechch @peymaneh123 I saw the report, and I have seen other reports of Shia crimes. But I have not yet seen evidence of it for Tikrit.",3,0,0,0
655,"@AAlwuhaib1977 @dankmtl @PeaceNotHate_ ...She does to the IDF, Hamas would have put a bullet in her head long ago.",3,0,0,0
656,@MaxBlumenthal @mehdirhasan @tnr Mohammed declared a Jihad against all non believers. ISIS is executing a Jihad against non believers.,3,1,0,0
657,"@Salon @TheMuslimGuy Do the trolls at Salon know that Mohammed led 17 major military expedition, most of them offensive? No chance. #Islam",3,0,0,0
658,@Qoloob4 @Vandaliser @sajid_fairooz @IsraeliRegime But the Quran and Hadith make it clear that Islam is Imperialist. http://t.co/UetpLzaVyI,3,0,0,0
659,@Abu_Talal2 But Islam has no truth. Every word is a lie.,3,0,0,0
660,@Jubathesniper5 @munthir555 ROFLMAO.  Where is the picture Daeshbag?,3,0,0,0
661,@jncatron @isra_jourisra @AMPalestine Islamophobia is like the idea of Naziphobia. Islam is a religion of hate and it must be outlawed.,3,1,0,1
662,@98Halima @johnnygjokaj @BilalIGhumman @cdnKhadija @rfrankh53 Majority of Muslims are 2 and bigots. http://t.co/xjd8w98ITE,3,0,0,1
663,"RT @CordieMendoza: ""@subratabanik: NO religion is AS VIOLENT as abhorrent as Islam. http://t.co/iUrt6EL834"" @LeslieMarshall",3,1,0,0
664,@nebula_chain_ @PaulStephen8 Wheras Islam simply declared war on all humanity 1400 years ago and has never stopped. Time to return the favor,3,0,0,0
665,RT @AnneBayefsky: ���The lofty status of women in #Islam: Woman's testimony �� the weight of a man's.��� http://t.co/cSIckyEr8T #WomensDay http:���,3,1,0,0
666,"@MaxBlumenthal Max asks as his Palestinian friends are beheading gays, doing honor killings, driving Palestinian Christians out of existence",3,1,0,1
667,"RT @TRobinsonNewEra: In Australia, their tax money helps finance their country's own destruction by terrorists:: https://t.co/zwWlcAZtmZ sa���",3,0,0,0
668,@Ammaawah @jm111t You are following the religion of ignorance with an illiterate prophet and you want to talk about spelling? LOL.,3,0,0,1
669,@roisin_morgan And I don't care if the Jews do what the have to do to protect themselves from the genocidal Muslims.,3,0,0,1
670,@awdnewsgerman @Raqqa_Sl Chomsky is a 3. Islam created ISIS.,3,0,0,0
671,"@AAlwuhaib1977 @dankmtl @PeaceNotHate_ Her very actions are proof that she is a liar and a propagandist, because if she did to Hamas what ..",3,0,0,0
672,@SamihNewsam Wrong. Islam didn't give women any rights and it imprisoned them in their houses. Remember Katjia was wealthy BEFORE Islam.,3,0,1,0
673,@jihadi_11 @Shami_IS_back Not an armed Ezidi was around when the Daesh began to slaughter and enslave them. So what are you crying about?,3,0,0,1
674,@ldstarr18 @AC360 Islam is worse than the Nazi party ever was.,3,1,0,1
675,"After watching the Shia militia beat a Peshmerga to death, I've concluded that they are animals, just like ISIS. #Islam #Iraq #Kobane",3,0,0,1
676,@love_allah_01 Mohammed's first wife Katjia was a wealthy woman BEFORE Islam. So you are lying.,3,0,0,0
677,"@hessammhamad @AbuMusaBinKh @Abuazzam13 @Abu_Baraa1 he is not muslim ! .
He loves his nationality more than Islam",3,0,0,0
678,"We are Muslims, the beautiful title Allaah gave us to call ourselves. Alhamdulill��h",3,0,0,0
679,"Ok so shabab calls for attacks on oxford st, #London all Muslims should be careful and avoid it the area.  A warning has been issued",3,0,0,0
680,Kufar & munafiq leaders come together over #CharlieHebdo to grieve nvm the Palestine massacre just so shows you no1 cares for Muslim blood!,3,1,0,1