ID,Text,Classe,Text_Lem,Homophobia,sexism,Racism,Normal,Manual Analysis (MA),Sentiments_analyze
1,whooo.  did you have to choke a bitch?,1,whooo choke bitch,1,1,0,0,1,"1,1,0"
2,im horny god damn porn fuck eon now I need real cock. where's ashley!,1,im horny god damn porn fuck eon need real cock 's ashley,0,0,0,1,1,"0,0,0"
4,Clearly. Decepticonian bitch. Or at least incomprehensible. We shall steal her bras!,1,clearly decepticonian bitch least incomprehensible shall steal bra,1,1,0,0,1,"1,1,0"
5,LMAO. I was very confused. What a bitch she is.,1,lmao confused bitch,1,1,0,0,1,"1,1,0"
6,your a fake. your a fake for calling the REAL hailey fake on her formspring. what a lame bitch :),1,fake fake calling real hailey fake formspring lame bitch,1,1,0,0,1,"0,1,0"
7,u stll up drinking bitch?,1,u stll drinking bitch,1,1,0,0,1,"1,1,0"
8,want me to cut a bitch for ya?,1,want cut bitch ya,1,1,0,0,1,"0,1,0"
9,uh uh u fucking bitch. haha dont take any coats  skinny jeans  slippers  gloves  bomber hats  or scarves.,1,uh uh u fucking bitch haha dont take coat skinny jean slipper glove bomber hat scarf,1,1,0,0,1,"1,1,0"
10,kno I check ur blog out! Alpha females vs being a bitch.....damn u be analyzing!,1,kno check ur blog alpha female v bitch ..... damn u analyzing,0,1,0,0,1,"0,0,0"
11,oooh  I wish I could! but then I have to shave my widow's peak to get them to hang right. And what a bitch to grow back! LOL,1,oooh wish could shave widow 's peak get hang right bitch grow back lol,1,1,0,0,1,"0,1,0"
12,bitch  hurry up!,1,bitch hurry,1,1,0,0,1,"1,1,0"
13,suck my cock  bitch. i am allowed to be scared of whatever i want. *z snap*,1,suck cock bitch allowed scared whatever want z snap,1,1,0,0,1,"1,1,0"
14,want me to cut a bitch for ya?,1,want cut bitch ya,1,1,0,0,1,"0,0,0"
15,bitch what ? hahaha. j/k.,1,bitch hahaha j/k,1,1,0,0,1,"1,1,0"
16,bitch  hurry up!,1,bitch hurry,1,1,0,0,1,"0,1,0"
17,you're a bitch.,1,re bitch,1,1,0,0,1,"1,1,0"
18,bitch... lol jk,1,bitch ... lol jk,1,1,0,0,1,"1,1,0"
19,kno I check ur blog out! Alpha females vs being a bitch.....damn u be analyzing!,1,kno check ur blog alpha female v bitch ..... damn u analyzing,1,1,0,0,1,"0,1,0"
20,slap a bitch? What you want to do is CHOKE A BITCH like Wayne Brady!,1,slap bitch want choke bitch like wayne brady,1,1,0,0,1,"1,1,0"
21,Please do...anything from you my sexy bitch!,1,please ... anything sexy bitch,1,1,0,0,1,"0,1,0"
22,Sorry you bitch punched TEO.,1,sorry bitch punched teo,1,1,0,0,1,"1,1,0"
23,oooh  I wish I could! but then I have to shave my widow's peak to get them to hang right. And what a bitch to grow back! LOL,1,oooh wish could shave widow 's peak get hang right bitch grow back lol,1,1,0,0,1,"0,1,0"
24,what a fucking bitch.,1,fucking bitch,1,1,0,0,1,"1,1,0"
25,I brought Prussia back  bitch.,1,brought prussia back bitch,0,1,0,0,1,"0,1,0"
26,Then she changed roles and she is a little less bitch from hell but still  her sting has too much barb.,1,changed role little le bitch hell still sting much barb,1,1,0,0,1,"1,1,0"
27,what a fucking bitch.,1,fucking bitch,1,1,0,0,1,"1,1,0"
28,oooh  I wish I could! but then I have to shave my widow's peak to get them to hang right. And what a bitch to grow back! LOL,1,oooh wish could shave widow 's peak get hang right bitch grow back lol,1,1,0,0,1,"0,1,0"
29,damn. lol. let me try something else. hot lesbian sex. nekked girl on girl. free porn.,1,damn lol let try something else hot lesbian sex nekked girl girl free porn,1,1,0,0,1,"1,1,0"
30,&quot;Show your face Anonymous&quot; WTF?! You make no sense you fake ugly bitch,1,quot show face anonymous quot wtf make sense fake ugly bitch,1,1,0,0,1,"1,1,0"
31,u stll up drinking bitch?,1,u stll drinking bitch,1,1,0,0,1,"1,1,0"
32,are you off bitch? I want BM it's my best friend! Damn it....hey don't forget FullMoon Getogether tonight,1,bitch want bm 's best friend damn .... hey n't forget fullmoon getogether tonight,1,1,0,0,1,"1,1,0"
33,Tell her she says Bitch like it's a bad thing,1,tell say bitch like 's bad thing,1,1,0,0,1,"1,1,0"
34,A pussy on my cock on my pussy  if you wanna take it further. ;),1,pussy cock pussy wan na take,1,1,0,0,1,"1,1,0"
35,A pussy on my cock on my pussy  if you wanna take it further. ;),1,pussy cock pussy wan na take,1,1,0,0,1,"1,1,0"
36,your come backs are fucking horrible you dumb bitch. wtf  are you like fucking five? you&;re like. &;i know you are but what am i?&; yeahhhh. no. bitch get a fucking life.,1,come back fucking horrible dumb bitch wtf like fucking five like know yeahhhh bitch get fucking life,1,1,0,0,1,"1,1,0"
37,psh bitch I'm at work running 2 trains with a 70 minute wait stupid kids and dumber parents I don't wanna hear it,1,psh bitch 'm work running 2 train 70 minute wait stupid kid dumber parent n't wan na hear,1,1,0,0,1,"1,1,0"
38,shut ur bitch ass up! OBVIOUSLY its not the same but its not like her name is spelt out as Eveyln dumbass.,1,shut ur bitch as obviously like name spelt eveyln dumbass,1,1,0,0,1,"1,1,0"
39,beast my pussy  bitch. LMAO...that's creepy.,1,beast pussy bitch lmao ... 's creepy,1,1,0,0,1,"1,1,0"
40,You did not come off as a bitch.  At least  you definitely weren't as bitchy as I thought I was being.  I've gotten upset now too,1,come bitch least definitely n't bitchy thought 've gotten upset,1,1,0,0,1,"1,1,0"
41,heyyy  your an ugly fucking bitch  you think your sexy? haha  you ain&;t shit besides an ugly bitch. &amp; beware of what? ill fucking put your shit on blast. fucking stupid ass cunt. fuck off  &amp; stop hatein on peoples pages before i go off on your ugly ass.,1,heyyy ugly fucking bitch think sexy haha shit besides ugly bitch amp beware ill fucking put shit blast fucking stupid as cunt fuck amp stop hatein people page go ugly as,1,1,0,0,1,"1,1,0"
42,get drumk bitch!,1,get drumk bitch,1,1,0,0,1,"1,1,0"
43,Please do...anything from you my sexy bitch!,1,please ... anything sexy bitch,1,1,0,0,1,"0,1,0"
44,lol! hey  stop being modest.  you OFTEN are a hot bitch.  :),1,lol hey stop modest often hot bitch,1,1,0,0,1,"1,1,0"
45,damn. lol. let me try something else. hot lesbian sex. nekked girl on girl. free porn.,1,damn lol let try something else hot lesbian sex nekked girl girl free porn,1,1,0,0,1,"1,1,0"
46,lock it  yank his rights on both his accounts.  He's been a little bitch lately and I'm sick of it.,1,lock yank right account 's little bitch lately 'm sick,1,0,0,0,1,"0,0,0"
47,beast my pussy  bitch. LMAO...that's creepy.,1,beast pussy bitch lmao ... 's creepy,1,1,0,0,1,"1,1,0"
48,are you off bitch? I want BM it's my best friend! Damn it....hey don't forget FullMoon Getogether tonight,1,bitch want bm 's best friend damn .... hey n't forget fullmoon getogether tonight,1,1,0,0,1,"1,1,0"
49,I brought Prussia back  bitch.,1,brought prussia back bitch,0,1,0,0,1,"0,1,0"
50,well mine are double flared  so they are a fucking homo bitch cunt to get out. aggrivation!,1,well mine double flared fucking homo bitch cunt get aggrivation,1,1,0,0,1,"1,1,0"
51,Tell her she says Bitch like it's a bad thing,1,tell say bitch like 's bad thing,1,1,0,0,1,"1,1,0"
52,Yeah  those same ugly guys that do gay-for-pay. That's why I demand hot girl on girl action in my porn. Oh oh. Yeah.,1,yeah ugly guy gay-for-pay 's demand hot girl girl action porn oh oh yeah,1,1,0,0,1,"1,1,0"
53,uh uh u fucking bitch. haha dont take any coats  skinny jeans  slippers  gloves  bomber hats  or scarves.,1,uh uh u fucking bitch haha dont take coat skinny jean slipper glove bomber hat scarf,1,1,0,0,1,"1,1,0"
54,"like jealous toddlers  equal change to excel When a person DOES excel  other ppl bitch&whine - bc it ""makes them look bad""  The",1,like jealous toddler equal change excel person excel ppl bitch whine bc `` make look bad '',1,1,0,0,1,"0,0,0"
55,less drugz mo sleep bitch!,1,le drugz mo sleep bitch,1,1,0,0,1,"1,1,0"
56,"like jealous toddlers  equal change to excel When a person DOES excel  other ppl bitch&whine - bc it ""makes them look bad""  The",1,like jealous toddler equal change excel person excel ppl bitch whine bc `` make look bad '',1,1,0,0,1,"0,0,0"
57,how did you meet dad BITCH!,1,meet dad bitch,0,1,0,0,1,"1,1,0"
58,ew you&;re gross. ugly. BITCH,1,ew gross ugly bitch,1,1,0,0,1,"1,1,0"
59,whooo.  did you have to choke a bitch?,1,whooo choke bitch,1,1,0,0,1,"1,1,0"
60,lol i think she's a huge bitch BUT she's good at what she does and is entertaining at times :),1,lol think 's huge bitch 's good entertaining time,1,1,0,0,1,"0,1,0"
61,how did you meet dad BITCH!,1,meet dad bitch,1,1,0,0,1,"1,1,0"
62,I cry  but then I'm just like that fucking woman is a bitch. God I hate her!!! (Yolanda) I'm getting mad just thinking lol,1,cry 'm like fucking woman bitch god hate yolanda 'm getting mad thinking lol,1,1,0,0,1,"1,1,0"
63,I fucking hope you move you bitch!!!!,1,fucking hope move bitch,1,1,0,0,1,"1,1,0"
64,baha  actually  im going to go on now :) BITCH ARE YOU FUCKING STUPID? >.> the REAL ashlee has a proof video  your dumb  your probably just some old man behind a computer screen<3 go fuck yourself<3,1,baha actually im going go bitch fucking stupid real ashlee proof video dumb probably old man behind computer screen 3 go fuck 3,1,1,0,0,1,"1,1,0"
65,You did not come off as a bitch.  At least  you definitely weren't as bitchy as I thought I was being.  I've gotten upset now too,1,come bitch least definitely n't bitchy thought 've gotten upset,1,1,0,0,1,"1,1,0"
66,suck my cock  bitch. i am allowed to be scared of whatever i want. *z snap*,1,suck cock bitch allowed scared whatever want z snap,1,1,0,0,1,"1,1,0"
67,bitch please your gorgeous,1,bitch please gorgeous,1,1,0,0,1,"1,1,0"
68,Your to young what love is bitch so do you use it!!! Dumb whore put your boobs away!!!,1,young love bitch use dumb whore put boob away,1,1,0,0,1,"1,1,0"
69,grab that... It's yours  bitch!,1,grab ... 's bitch,1,1,0,0,1,"1,1,0"
70,psh bitch I'm at work running 2 trains with a 70 minute wait stupid kids and dumber parents I don't wanna hear it,1,psh bitch 'm work running 2 train 70 minute wait stupid kid dumber parent n't wan na hear,1,1,0,0,1,"1,1,0"
71,Hey smexy wanna fuck?? How bout we do some 69 all night long? Sounds good k I&;ll be in your bed waiting sexy bitch! ;D,1,hey smexy wan na fuck bout 69 night long sound good k bed waiting sexy bitch,1,1,0,0,1,"1,1,0"
72,I cry  but then I'm just like that fucking woman is a bitch. God I hate her!!! (Yolanda) I'm getting mad just thinking lol,1,cry 'm like fucking woman bitch god hate yolanda 'm getting mad thinking lol,1,1,0,0,1,"1,1,0"
73,Please do...anything from you my sexy bitch!,1,please ... anything sexy bitch,1,1,0,0,1,"1,1,0"
74,i bitch slapped my cousin once.,1,bitch slapped cousin,1,1,0,0,1,"1,1,0"
75,Stop making fakes of yourself. You are ugly as fuck. You&;re not actually 16 bitch. And you&;re deff not a cyrus. Get a mother fucking life  cunt.,1,stop making fake ugly fuck actually 16 bitch deff cyrus get mother fucking life cunt,1,1,0,0,1,"1,1,0"
76,Hahaha  Testosterone Man!!!  I met Mega Bitch Soccer Mom the other day. She took the time to stop  honk her horn  & flip me off,1,hahaha testosterone man met mega bitch soccer mom day took time stop honk horn flip,1,1,0,0,1,"1,1,0"
77,Everyone Look  This Girl Was Using Missy Lockes Pictures And I Told Her She Was Fake  Then She Was Like Im Not Fake  Then She Took Bettys Pictures. SHES DUMB! http://www.formspring.me/LMT23,1,everyone look girl using missy locke picture told fake like im fake took bettys picture shes dumb http //www.formspring.me/lmt23,1,1,0,0,1,"0,0,0"
78,i bitch slapped my cousin once.,1,bitch slapped cousin,1,1,0,0,1,"1,1,0"
79,"ahah! and i'll say exactly what i'd say to him: ""bitch make your own!"" i kid:P",1,ahah 'll say exactly 'd say `` bitch make '' kid p,1,1,0,0,1,"1,1,0"
80,lol! hey  stop being modest.  you OFTEN are a hot bitch.  :),1,lol hey stop modest often hot bitch,1,1,0,0,1,"1,1,0"
81,Hahaha  Testosterone Man!!!  I met Mega Bitch Soccer Mom the other day. She took the time to stop  honk her horn  & flip me off,1,hahaha testosterone man met mega bitch soccer mom day took time stop honk horn flip,1,1,0,0,1,"1,1,0"
82,You did not come off as a bitch.  At least  you definitely weren't as bitchy as I thought I was being.  I've gotten upset now too,1,come bitch least definitely n't bitchy thought 've gotten upset,1,1,0,0,1,"1,1,0"
83,ill settle that bitch down real quick,1,ill settle bitch real quick,1,1,0,0,1,"1,1,0"
84,lol i think she's a huge bitch BUT she's good at what she does and is entertaining at times :),1,lol think 's huge bitch 's good entertaining time,1,1,0,0,1,"1,1,0"
85,are you off bitch? I want BM it's my best friend! Damn it....hey don't forget FullMoon Getogether tonight,1,bitch want bm 's best friend damn .... hey n't forget fullmoon getogether tonight,1,1,0,0,1,"1,1,0"
86,Ur gunna get jumped. U stupid bitch.,1,ur gunna get jumped u stupid bitch,1,1,0,0,1,"1,1,0"
87,get drumk bitch!,1,get drumk bitch,1,1,0,0,1,"1,1,0"
88,"You didn't imagine it. It was the ""get away from her you bitch"" climax scene being parodied.",1,n't imagine `` get away bitch '' climax scene parodied,1,1,0,0,1,"0,0,0"
89,She makes me sick. She thinks she's cool and youthful cuz she watches that show. Phony bitch.,1,make sick think 's cool youthful cuz watch show phony bitch,0,1,0,0,1,"0,1,0"
90,Then she changed roles and she is a little less bitch from hell but still  her sting has too much barb.,1,changed role little le bitch hell still sting much barb,1,1,0,0,1,"1,1,0"
91,you're a bitch.,1,re bitch,1,1,0,0,1,"1,1,0"
92,how did you meet dad BITCH!,1,meet dad bitch,1,1,0,0,1,"1,1,0"
93,Yeah  those same ugly guys that do gay-for-pay. That's why I demand hot girl on girl action in my porn. Oh oh. Yeah.,1,yeah ugly guy gay-for-pay 's demand hot girl girl action porn oh oh yeah,1,1,0,0,1,"1,1,0"
94,bitch what ? hahaha. j/k.,1,bitch hahaha j/k,1,1,0,0,1,"1,1,0"
95,Ya know  you can take full credit for memeing @evo_terra's cock-measuring fetish. I won't argue.,1,ya know take full credit memeing evo_terra 's cock-measuring fetish wo n't argue,0,1,0,0,1,"0,1,0"
96,you're a bitch.,1,re bitch,1,1,0,0,1,"1,1,0"
97,well mine are double flared  so they are a fucking homo bitch cunt to get out. aggrivation!,1,well mine double flared fucking homo bitch cunt get aggrivation,1,1,0,0,1,"1,1,0"
98,RT @CeeJayCraig: I just got called 2...because I get paid the same as guys and I'm not a sheep to the feminist movement..ok @kaytugs @���,1,rt ceejaycraig got called 2 ... get paid guy 'm sheep feminist movement .. ok kaytugs ���,1,1,0,0,1,"1,1,0"
106,".@GRIMACHU Sounds a bit too much like ""separate but equal"". It's sexism, bias, bigotry, you name it. @MoJGovUK is clearly infested w bigots.",1,grimachu sound bit much like `` separate equal '' 's sexism bias bigotry name mojgovuk clearly infested w bigot,1,1,1,0,1,"1,1,0"
107,RT @AsheSchow: Women���s Studies: Learn how to tell other women they should study something other than women���s studies RT @Eliah_R: http://t.���,1,rt asheschow women���s study learn tell woman study something women���s study rt eliah_r http //t.���,1,1,0,0,1,"1,1,0"
108,RT @BeRh00M if we are talking about a viking sized man with huge amount of lust and a 150cm girl .. then no I wouldn't like it,1,rt berh00m talking viking sized man huge amount lust 150cm girl .. would n't like,0,1,0,0,1,"0,1,0"
112,"RT @jamiecowan92: @frankthewank1 they don't even know what they want, then they say things like ""it's a woman's prerogative to change her m���",1,rt jamiecowan92 frankthewank1 n't even know want say thing like `` 's woman 's prerogative change m���,1,1,0,0,1,"1,1,0"
113,RT @AlexNew93 I'm not 2 but I just cannot stand this fucking hardened feminist wankers,1,rt alexnew93 'm 2 stand fucking hardened feminist wanker,1,1,0,0,1,"1,1,0"
114,No need to apologize; no one cares about your opinion @LeggUSMC I'm not 2 but women don't belong in the infantry. Sorry.,1,need apologize one care opinion leggusmc 'm 2 woman n't belong infantry sorry,1,1,0,0,1,"1,1,0"
115,"RT @Ratillathehun: @WomenDefyUKIP  I`m not 2 but it`s thanks to feminism that the UK is such a mess. I mean Harriet Harman, Nadine Dor���",1,rt ratillathehun womendefyukip 2 thanks feminism uk mess mean harriet harman nadine dor���,0,1,0,0,1,"1,1,0"
119,"*vomit* @j_degeorge I'm not 2 by any means, but no woman should ever be allowed to announce a football game #KnowYourPlace",1,vomit j_degeorge 'm 2 mean woman ever allowed announce football game knowyourplace,1,1,0,0,1,"1,1,0"
120,"RT @nikochoski: #AdviceForYoungFeminists Remember boys are stupid, men are more stupid. Instead of rocks, throw rape allegations on them. T���",1,rt nikochoski adviceforyoungfeminists remember boy stupid men stupid instead rock throw rape allegation t���,1,1,0,0,1,"1,1,0"
121,@DavidicLineage I present Exhibits V-Z that #FeminismIsAwful http://t.co/xDh0uVQEl5,1,davidiclineage present exhibit v-z feminismisawful http //t.co/xdh0uvqel5,1,1,0,0,1,"1,1,0"
122,"@ChristinaLoken1 Do you think implying someone can't get laid is ""2"" or ""abusive""?",1,christinaloken1 think implying someone ca n't get laid `` 2 '' `` abusive '',0,1,0,0,1,"0,1,0"
123,MALE OPINION ALERT! @MusicYouSavedMe I swear im not 2 but WNBA..........I'll pass lol,1,male opinion alert musicyousavedme swear im 2 wnba .......... 'll pas lol,1,1,0,0,1,"1,1,0"
124,RT @jowilliams293: On #InternationalWomensDay women who inspire me: @CHSommers @Fox_Claire @clairlemon @cl_kitchens @CathyYoung63 @XXFactor���,1,rt jowilliams293 internationalwomensday woman inspire chsommers fox_claire clairlemon cl_kitchens cathyyoung63 xxfactor���,0,1,0,0,1,"0,0,0"
126,Yup there still hot blondes #mkr,1,yup still hot blonde mkr,0,1,0,0,1,"1,1,0"
128,���@myallsw: Nice arm pit vagina #MKR http://t.co/sv9HLKQ2aM��� It's deconstructed.,1,��� myallsw nice arm pit vagina mkr http //t.co/sv9hlkq2am��� 's deconstructed,1,1,0,0,1,"0,1,0"
129,RT @sports2inflatio: Must put words in dead man;s mouth and claim all his work as #feminism 's #adviceforyoungfeminists ex:@HuffPostCanada ���,1,rt sports2inflatio must put word dead man mouth claim work feminism 's adviceforyoungfeminists ex huffpostcanada ���,0,1,0,0,1,"0,1,0"
132,"I ask this every year. So looking forward to the older blonde.
Cue geggy tah ""whoever you are""
 #mkr",1,ask every year looking forward older blonde cue geggy tah `` whoever '' mkr,0,0,0,1,1,"0,1,0"
133,"@kittoms Social Justice Warrior AKA the liberals/feminists who are so ""tolerant"" they tolerate nothing &amp; want to impose their views on world",1,kittoms social justice warrior aka liberals/feminists `` tolerant '' tolerate nothing amp want impose view world,1,1,0,0,1,"1,1,0"
137,#mkr Kate is a bitch,1,mkr kate bitch,1,1,0,0,1,"1,1,0"
138,RT @robjamjar: @MT8_9 Maybe she was 'raped' by a cubist and it's a symbol of her burden,1,rt robjamjar mt8_9 maybe 'raped cubist 's symbol burden,1,0,0,0,1,"1,1,0"
139,RT @WisNasty2point0 I'm not 2 but I really don't get it when girls are just like completely incompetent in the kitchen,1,rt wisnasty2point0 'm 2 really n't get girl like completely incompetent kitchen,1,1,0,0,1,"1,1,0"
140,RT @LeoOlivares93: I'm not 2 but women shouldn't be able to drive!!,1,rt leoolivares93 'm 2 woman n't able drive,1,1,0,0,1,"1,1,0"
141,RT @jondogg_sports: Working with females is difficult. Have to walk on eggshells as to not offend them. No I'm not a 2 person. I'm tal���,1,rt jondogg_sports working female difficult walk eggshell offend 'm 2 person 'm tal���,1,1,0,0,1,"1,1,0"
143,@DQTwitchStream Allegedly did Hartnells ugly wife.,1,dqtwitchstream allegedly hartnells ugly wife,1,1,0,0,1,"1,1,0"
144,"���@jaccidental: Krazy-eyes Kat needs a kick in the ku...
#MKR #mkr2015��� See this one @JennaWilkins ����",1,��� jaccidental krazy-eyes kat need kick ku ... mkr mkr2015��� see one jennawilkins ����,0,0,0,1,1,"0,0,0"
145,Is it just me or does it look like kat's sucked the life out of Andre and left him as a shell of a man? #mkr2015 #mkr #katandandre,1,look like kat 's sucked life andre left shell man mkr2015 mkr katandandre,0,1,0,0,1,"1,1,0"
146,"Need what he's smoking @RajAshok5 Being feminist isnt 2 BUT ASKING LAWS &amp; INSISTING THAT WOMEN ARE CORRECT ALWAYS, MEN ARE CRIMINALS IS",1,need 's smoking rajashok5 feminist isnt 2 asking law amp insisting woman correct always men criminal,1,1,0,0,1,"0,1,0"
147,@AmarinaW OK.  My main interest is whether feminists will blame a book written by and read by women on men somehow.,1,amarinaw ok. main interest whether feminist blame book written read woman men somehow,1,1,0,0,1,"1,1,0"
148,RT @Vulc4nMind @Aandapples  // nope. I'm not 2 but I think the doctor should stick with a male,1,rt vulc4nmind aandapples // nope 'm 2 think doctor stick male,0,1,0,0,1,"1,1,0"
152,RT @GrahamButler711 I'm not 2 but all female rappers need to just stop,1,rt grahambutler711 'm 2 female rapper need stop,1,1,0,0,1,"1,1,0"
153,RT @amyalkon: Sad When The Most Basic Fairness To Men Is A Revolutionary Thing: Paternity fraud news in Washington State &amp; Detroit http://t���,1,rt amyalkon sad basic fairness men revolutionary thing paternity fraud news washington state amp detroit http //t���,0,1,0,0,1,"0,1,0"
156,RT @PoshLopez: I wonder which of the blonde molls screwed Colin to get that score? Probably both. #mkr,1,rt poshlopez wonder blonde moll screwed colin get score probably mkr,0,1,0,0,1,"1,1,0"
157,RT @JakeDandrea_: @YesYoure2 @AnthonySammarco Stop being a feminazi because you struggle at attracting the other sex. Stop starting dr���,1,rt jakedandrea_ yesyoure2 anthonysammarco stop feminazi struggle attracting sex stop starting dr���,1,1,0,0,1,"1,1,0"
158,RT @fkn_always_ I'm not 2 but I don't like movies with women with the main role.,1,rt fkn_always_ 'm 2 n't like movie woman main role,1,1,0,0,1,"1,1,0"
160,"In @AbeAmas's version of Legend of Korra, the main character is Mako and it's a story about hair gel and filing routine paperwork",1,abeamas 's version legend korra main character mako 's story hair gel filing routine paperwork,0,0,0,1,1,"0,0,0"
161,RT @DarylMansbridge Just don't find Woman comedians funny in the slightest #Not2,1,rt darylmansbridge n't find woman comedian funny slightest not2,0,1,0,0,1,"1,1,0"
163,"RT @TiquanGray: Im not 2 but females now are trying to say that they're better than men, when they went through so much history saying���",1,rt tiquangray im 2 female trying say 're better men went much history saying���,1,1,0,0,1,"1,1,0"
164,@halalcunty @biebervalue @liamxkiwi @halalflaws A lying Taquiyya bitch with zero followers opened an account to feed me bullshit.,1,halalcunty biebervalue liamxkiwi halalflaws lying taquiyya bitch zero follower opened account feed bullshit,1,1,0,0,1,"1,0,0"
166,RT @lord_yogurt TBH you can call me 2 but the sight of girls smoking is unpleasant,1,rt lord_yogurt tbh call 2 sight girl smoking unpleasant,1,1,0,0,1,"1,1,0"
167,"The 2 litmus test is if you call out a lvl 2 2 comment &amp; the dood comes back with lvl 10 guns ablazing, ""pussy"" &amp; ""cunt"" &amp; ""bitch""",1,2 litmus test call lvl 2 2 comment amp dood come back lvl 10 gun ablazing `` pussy '' amp `` cunt '' amp `` bitch '',1,1,0,0,1,"1,1,0"
168,BACK AT YOU DOUCHE @GrindMode407 Mannnn I'm not 2 but if you a female &amp; you can't cook #KillYaSelf,1,back douche grindmode407 mannnn 'm 2 female amp ca n't cook killyaself,1,1,0,0,1,"1,1,0"
171,"@ElizabethHobso6 @naomirwolf Is that just a male thing? Whenever I click on ""Female friendly/female choice"" porn, it's same as main content.",1,elizabethhobso6 naomirwolf male thing whenever click `` female friendly/female choice '' porn 's main content,1,1,0,0,1,"1,1,0"
174,"RT @CHSommers: How NPR helped create the current panic over a phantom campus ""rape culture."" @jonathanchait @sullydish @davidfrum http://t.���",1,rt chsommers npr helped create current panic phantom campus `` rape culture '' jonathanchait sullydish davidfrum http //t.���,0,1,0,0,1,"0,1,0"
175,RT @therealtjorsini not 2 but girls just cant sing country as well as guys,1,rt therealtjorsini 2 girl cant sing country well guy,1,1,0,0,1,"1,1,0"
178,WHAT A DUMB BITCH #MKR,1,dumb bitch mkr,1,1,0,0,1,"1,1,0"
180,Katie and Nikki may not be going home but 57/100 still isn't that impressive. I wouldn't be happy about that score you smart ass bitch. #mkr,1,katie nikki may going home 57/100 still n't impressive would n't happy score smart as bitch mkr,0,1,0,0,1,"1,1,0"
182,"@Dreysander1 Biurny Pegeuro put a man in jail for 20 years, never even had sex. Lied to her friends about ditching them at a club, so she...",1,dreysander1 biurny pegeuro put man jail 20 year never even sex lied friend ditching club ...,0,0,0,1,1,"0,1,0"
184,"RT @BigRilesMMA: I'm not 2 but most women comics suck. They aren't funny, period. Lisa Lampanelli, Amy Shumer and a couple others, don���",1,rt bigrilesmma 'm 2 woman comic suck n't funny period lisa lampanelli amy shumer couple others don���,1,1,0,0,1,"1,1,0"
188,"RT @Willy_Goncalves I'm not 2 in any way, shape or form but the female presenters on sky sports news are soo prestigious",1,rt willy_goncalves 'm 2 way shape form female presenter sky sport news soo prestigious,1,1,0,0,1,"0,1,0"
189,"WOW @akkawi_ahmad @shaynaleibowitz girls are better at other things, like school, and being organized",1,wow akkawi_ahmad shaynaleibowitz girl better thing like school organized,0,1,0,0,1,"1,1,0"
190,RT @Itsjust55496420: Why wouldn't the other teams score up when they know Kat is being strategic? FUCK YOU ALL... WEAK BITCHES!!!!!!!!!!! #���,1,rt itsjust55496420 would n't team score know kat strategic fuck ... weak bitch ���,1,1,0,0,1,"0,1,0"
191,"@BristolBen @aamattyhealy FTR...I'm an ERA, not MRA.  Term MRA is flawed for same reason as feminism...gender specificity.",1,bristolben aamattyhealy ftr ... 'm era mra term mra flawed reason feminism ... gender specificity,1,1,0,0,1,"0,1,0"
192,"RT @nonirishpaddy: If someone hates you, it's because of what's between your ears, not what's between your legs #adviceforyoungfeminists",1,rt nonirishpaddy someone hate 's 's ear 's leg adviceforyoungfeminists,0,0,0,1,1,"0,1,0"
194,RT @c_marchionni: I'm not 2 but women need to stop trying to be country singers. #godawful #leaveittothemen,1,rt c_marchionni 'm 2 woman need stop trying country singer godawful leaveittothemen,0,1,0,0,1,"1,1,0"
197,"RT @Matt_McCabe7: I'm no 2 but the last thing I wanna read about is women's, football or cricket on the sky sports news app! #controve���",1,rt matt_mccabe7 'm 2 last thing wan na read woman 's football cricket sky sport news app controve���,1,1,0,0,1,"1,1,0"
198,RT @spencer_hynes I'm not trying to be 2 but I don't think women should announce football games,1,rt spencer_hynes 'm trying 2 n't think woman announce football game,1,1,0,0,1,"1,1,0"
199,"Ah feminism is still going strong, ""At least we're still two young,hot, blondes."" #MKR",1,ah feminism still going strong `` least 're still two young hot blonde '' mkr,1,1,0,0,1,"0,1,0"
200,RT @johnnycashman8 If i let a girl drive my car it means something. #not2 #justscience,1,rt johnnycashman8 let girl drive car mean something not2 justscience,1,1,0,0,1,"1,1,0"
204,RT @mrmodace i'm not 2 but the vast majority of women i know are pure evil,1,rt mrmodace 'm 2 vast majority woman know pure evil,0,1,0,0,1,"1,1,0"
205,RT @RobDurbinn I'm not 2 but women rappers are a bigger joke than the WNBA,1,rt robdurbinn 'm 2 woman rapper bigger joke wnba,1,1,0,0,1,"1,1,0"
207,"RT @_chonz Call me 2, but I couldn't watch a women do standup if my balls were an inch from the bandsaw.",1,rt _chonz call 2 could n't watch woman standup ball inch bandsaw,0,1,0,0,1,"1,1,0"
208,"RT @mugnezee Not 2 , but watching girls ice hockey is really painful .. What are you doing ???",1,rt mugnezee 2 watching girl ice hockey really painful ..,1,1,0,0,1,"0,1,0"
210,"RT @causticsodafizz: @MT8_9 @JustLaurenB @AutumnReinhardt @comattwow @Daseetmane @victorymonk Remember everyone: 20% believe in feminism, 2���",1,rt causticsodafizz mt8_9 justlaurenb autumnreinhardt comattwow daseetmane victorymonk remember everyone 20 believe feminism 2���,0,1,0,0,1,"0,1,0"
211,Yes! #weirdsexism is back! @hehweh It's kinda weird to think women have #genitals. #not2 #justsaying,1,yes weirdsexism back hehweh 's kinda weird think woman genitals not2 justsaying,1,1,0,0,1,"1,1,0"
214,"RT @milkyway40: I'm not 2, but female sports announcers annoy me.",1,rt milkyway40 'm 2 female sport announcer annoy,1,1,0,0,1,"1,1,0"
215,RT @Rildom1: @urmindblown wind shield wipers were not invented by women first was Robert A Douglass I'm not 2 but that fact is wrong,1,rt rildom1 urmindblown wind shield wiper invented woman first robert douglas 'm 2 fact wrong,0,1,0,0,1,"1,0,0"
216,RT @iamomarkhalifa I'm not 2 but I don't give a fuck about women's football #BallonDOr2014,1,rt iamomarkhalifa 'm 2 n't give fuck woman 's football ballondor2014,1,1,0,0,1,"1,1,0"
218,RT @Banthemoms I'm not 2 but I hate feminists females already got equal rights stop complaining,1,rt banthemoms 'm 2 hate feminist female already got equal right stop complaining,1,1,0,0,1,"1,1,0"
219,"Suck shit Kat you vile, venomous, nasty bitch! Giving shit to Annie and Lloyd, only to be told your dish was gross! Karma Bitch! #MKR",1,suck shit kat vile venomous nasty bitch giving shit annie lloyd told dish gross karma bitch mkr,1,1,0,0,1,"1,1,0"
220,".@BlackOpal80 But, the idea they want to do ANYTHING but lecture with dubious facts they don't want challenged is exposed by their blocking.",1,blackopal80 idea want anything lecture dubious fact n't want challenged exposed blocking,0,0,0,1,1,"0,0,0"
221,"RT @HipsterNudesGod: I'm not 2 but I truly believe that 9/10 women cannot drive idefk why the hell they can't, but they're deadly behi���",1,rt hipsternudesgod 'm 2 truly believe 9/10 woman drive idefk hell ca n't 're deadly behi���,1,1,0,0,1,"1,1,0"
222,RT @serlasco I need a girl that'll iron my shirts and not call me 2,1,rt serlasco need girl 'll iron shirt call 2,1,1,0,0,1,"1,1,0"
223,RT @carlyfreddy: I'm so not 2 but girls cannot wrap burritos at chipotle..... I think it's known fact. COME ON LADIES STEP IT UP,1,rt carlyfreddy 'm 2 girl wrap burrito chipotle ..... think 's known fact come lady step,1,1,0,0,1,"1,1,0"
226,RT @AnikaRoseAus: They say they care about men's rights but when speaking to groups who represent them - they block us. Seem they enjoy the���,1,rt anikaroseaus say care men 's right speaking group represent block u seem enjoy the���,0,1,0,0,1,"1,1,0"
227,"RT @victorymonk: @thisonesakillaa @MT8_9 Reminds me of Simpsons where grandpa was screaming ""Death!!!"" at everything. Now it's rape. https:���",1,rt victorymonk thisonesakillaa mt8_9 reminds simpson grandpa screaming `` death '' everything 's rape http ���,0,0,0,1,1,"0,0,0"
228,"RT @BenjiLaw1: I'm joking when I tell a woman to make me a sandwich...but if I want spaghetti, bitch better make it. #Not2 #Spaghetti ���",1,rt benjilaw1 'm joking tell woman make sandwich ... want spaghetti bitch better make not2 spaghetti ���,1,1,0,0,1,"1,1,0"
229,RT @mshaysoul: Don't call yourself a bitch then say a man can't. Don't call yourself a nigga and say a white man can't.,1,rt mshaysoul n't call bitch say man ca n't n't call nigga say white man ca n't,1,1,1,0,1,"0,1,1"
230,"RT @OddBall__: @MT8_9 @BoycottBrandy @AudioFidget 8% of RN's are males, 43% of CRNA's. There is your nurse ""pay gap"" right there.(Well most���",1,rt oddball__ mt8_9 boycottbrandy audiofidget 8 rn 's male 43 crna 's nurse `` pay gap '' right well most���,0,1,0,0,1,"0,1,0"
231,RT @MGTOWKnight: @FactsVsOpinion @MT8_9 What is often *called* feminism now is not what is defined by the dictionary. Same thing,1,rt mgtowknight factsvsopinion mt8_9 often called feminism defined dictionary thing,0,1,0,0,1,"1,1,0"
235,"RT @ColbyHarris902: I honestly can't believe they added female Soldiers to Call Of Duty Ghosts, I'm not 2 but it's kinda weird and a l���",1,rt colbyharris902 honestly ca n't believe added female soldier call duty ghost 'm 2 's kinda weird l���,0,1,0,0,1,"1,1,0"
237,"RT @Deanowen118: I'm not 2, but why the fuck do girls try and talk / tweet about football to impress lads. This is our thing, don't ru���",1,rt deanowen118 'm 2 fuck girl try talk tweet football impress lad thing n't ru���,1,1,0,0,1,"1,1,0"
238,"RT @DyslexicDwarf I'm not 2, I'd just prefer it if she was making me a sammich, instead of reading Twitter.",1,rt dyslexicdwarf 'm 2 'd prefer making sammich instead reading twitter,1,1,0,0,1,"1,1,0"
239,She���s such an evil bitch. Now who���s not smiling? Shove it. #Kat #MKR,1,she���s evil bitch who���s smiling shove kat mkr,1,1,0,0,1,"1,1,0"
240,RT @IWantMooro: I'm sorry. Call me 2 but women shouldn't get involved with football. I've made an oath never to take a bird to the lan���,1,rt iwantmooro 'm sorry call 2 woman n't get involved football 've made oath never take bird lan���,1,1,0,0,1,"1,1,0"
241,"RT @Justice_CHROME Now I'm definitely not 2, but if you're gonna be awkwardly feminist I will call you ""poppet"" every-time I see you",1,rt justice_chrome 'm definitely 2 're gon na awkwardly feminist call `` poppet '' every-time see,0,1,0,0,1,"1,1,0"
242,I'm gonna gouge my eyes out if this bitch doesn't get off #mkr #catandandre,1,m gon na gouge eye bitch n't get mkr catandandre,1,1,0,0,1,"1,1,0"
243,"RT @JustMarn Im not 2, but When it comes to learning i prefer a male .. All my fave teachers were male.",1,rt justmarn im 2 come learning prefer male .. fave teacher male,1,1,0,0,1,"1,1,0"
244,@The_Last_Ride1 Exactly.  Thor is really not theirs to reinvent.  Do a female Daredevil or something if you want to pull that gimmick.,1,the_last_ride1 exactly thor really reinvent female daredevil something want pull gimmick,0,1,0,0,1,"1,1,0"
246,#MKR anyone can cook from a can girls.,1,mkr anyone cook girl,1,1,0,0,1,"0,1,0"
247,RT @Itsjust55496420: Go hot girls!!! #mkr,1,rt itsjust55496420 go hot girl mkr,0,1,0,0,1,"0,0,0"
249,RT @_little_old_me: Who are the pretty girls these 2 blonde scrubbers keep talking about? #MKR,1,rt _little_old_me pretty girl 2 blonde scrubber keep talking mkr,0,1,0,0,1,"1,1,0"
251,"RT @NateGutman: Just to clear things up, I don't skip female comedians because they're female. Just because they generally suck. #not2���",1,rt nategutman clear thing n't skip female comedian 're female generally suck not2���,1,1,0,0,1,"1,1,0"
253,#MKR praying these two bloody bimbos will leave the comp in the next round,1,mkr praying two bloody bimbo leave comp next round,1,1,0,0,1,"1,1,0"
254,"The MAJORITY are doing all the work. @itZ_sivZ Not 2, but majority of girls are useless in group projects lol.. MAJORITY",1,majority work itz_sivz 2 majority girl useless group project lol .. majority,1,1,0,0,1,"1,1,0"
257,"RT @Bohagan81: Call me 2 all you want, but from stories/seeing this kind of stuff go down, women as a whole need to change how they co���",1,rt bohagan81 call 2 want stories/seeing kind stuff go woman whole need change co���,0,1,0,0,1,"1,1,0"
258,"RT @FO7935: 40 year old woman marries herself after she can't find Mr. Right, goes on honeymoon to Dubai lollol omg stop http://t.co/dfcIAN���",1,rt fo7935 40 year old woman marries ca n't find mr. right go honeymoon dubai lollol omg stop http //t.co/dfcian���,0,1,0,0,1,"0,1,0"
259,Can someone give Kat a slap across the head #mkr #bitch,1,someone give kat slap across head mkr bitch,1,1,0,0,1,"1,1,0"
260,RT @kristc67 When a girl looks more buff than me... #gymtime #eeew #notcute #not2 #justscared,1,rt kristc67 girl look buff ... gymtime eeew notcute not2 justscared,0,1,0,0,1,"1,0,0"
261,"RT @sara771987: @adriennecgomez @MT8_9 there's too many people with common sense, sorry. We don't need to rely on feminism to bring about e���",1,rt sara771987 adriennecgomez mt8_9 's many people common sense sorry n't need rely feminism bring e���,0,1,0,0,1,"1,1,0"
262,"Kat calls it strategic, I call it being a biatch! #mkr http://t.co/zVCx6kVAIV",1,kat call strategic call biatch mkr http //t.co/zvcx6kvaiv,1,1,0,0,1,"1,1,0"
263,@NewIdeamagazine:They weren't kidding when they said deconstructed! #mkr Yeh. Seen better shit in women's magazi... Oh. Right...Sorry #MKR,1,newideamagazine n't kidding said deconstructed mkr yeh seen better shit woman 's magazi ... oh right ... sorry mkr,1,1,0,0,1,"1,1,0"
264,SO CLEVER @Billy_K11: How are girls so bad at math when they know so much about hair volume and the volume of their mascara #Not2,1,clever billy_k11 girl bad math know much hair volume volume mascara not2,1,1,0,0,1,"1,1,0"
269,"RT @YvonneNiShiocru Call me 2, I dont like most female comedians but Katherine Ryan from Canada is feicin hillarious.",1,rt yvonnenishiocru call 2 dont like female comedian katherine ryan canada feicin hillarious,1,1,0,0,1,"0,1,0"
270,.@mark_kaiserr Im not 2 but every food place I work at the girls come in for a couple hours to answer phones &amp; complain the entire time,1,mark_kaiserr im 2 every food place work girl come couple hour answer phone amp complain entire time,0,1,0,0,1,"1,1,0"
271,RT @stardust193: Algerian Sheikh: We Have No Need for Women's Rights http://t.co/JYg4E9LtEr #Islam #Sharia #WomensRights,1,rt stardust193 algerian sheikh need woman 's right http //t.co/jyg4e9lter islam sharia womensrights,0,1,0,0,1,"1,1,0"
274,Gay fianc�� is not going to cope being away from the fresh meat #MKR,1,gay fianc�� going cope away fresh meat mkr,1,0,0,0,1,"1,0,0"
275,RT @mensrightsrdt: #mensrights@reddit http://t.co/voFfUHmnAs petition to call attention to Judge Kathleen McCar... http://t.co/TJlTPFd00n #���,1,rt mensrightsrdt mensrights reddit http //t.co/voffuhmnas petition call attention judge kathleen mccar ... http //t.co/tjltpfd00n ���,0,1,0,0,1,"0,0,0"
276,RT @ash_p_ash: Faaark! The blonde promo girl walks with all the grace of a tradie in drag #mkr,1,rt ash_p_ash faaark blonde promo girl walk grace tradie drag mkr,0,0,0,1,1,"1,1,0"
278,RT @RomeoRakheila on my way to vote for SRC.. call me 2 but I aint voting for no Lady..,1,rt romeorakheila way vote src .. call 2 aint voting lady ..,0,1,0,0,1,"1,1,0"
279,RT @Jack_McCormick1: I like my pickles like my women: thin and cut #Not2,1,rt jack_mccormick1 like pickle like woman thin cut not2,1,1,0,0,1,"1,1,0"
280,"@Anthony3291 If they had any shame or self awareness, sure...",1,anthony3291 shame self awareness sure ...,0,0,0,1,1,"0,0,0"
281,RT @Itsjust55496420: Annie looks like a mouse #mkr,1,rt itsjust55496420 annie look like mouse mkr,0,0,0,1,1,"0,0,0"
282,"RT @BigLam55: Call me 2, but our society makes it seem as if woman are always right. Their  word carries more power In court than a ma���",1,rt biglam55 call 2 society make seem woman always right word carry power court ma���,1,1,0,0,1,"1,1,0"
283,10-to-1 odds this guy faints after one punch @AaronObviously I'm not 2 but girls can't fight and if you think you can you need to stop,1,10-to-1 odds guy faint one punch aaronobviously 'm 2 girl ca n't fight think need stop,1,1,0,0,1,"1,1,0"
285,"#DontDateSJWs unless you want them to date you, bang you, call you, stalk you THEN cry rape &amp; do ""performance art"". http://t.co/vRPol5nc67",1,dontdatesjws unless want date bang call stalk cry rape amp `` performance art '' http //t.co/vrpol5nc67,1,1,0,0,1,"0,1,0"
286,RT @SClowers6: I'm not 2 but I don't agree with women on sports shows that talk solely about men's sports.,1,rt sclowers6 'm 2 n't agree woman sport show talk solely men 's sport,1,1,0,0,1,"1,1,0"
287,RT @rinehart33 I'm not 2.. But women drivers are terrible.,1,rt rinehart33 'm 2 .. woman driver terrible,1,1,0,0,1,"1,1,0"
288,@ChristinaLoken1 I derive the same meaning.  What have I missed?,1,christinaloken1 derive meaning missed,0,0,0,1,1,"0,0,0"
289,#bizarresexism @LifeOfStrife I don't know why buy I find a hearty handshake between two women to be very awkward. #not2,1,bizarresexism lifeofstrife n't know buy find hearty handshake two woman awkward not2,1,1,0,0,1,"1,1,0"
292,"You can shut the hell up about it, though. @SicknessTheDick I'm not 2, I just can't control how much I love big butts.",1,shut hell though sicknessthedick 'm 2 ca n't control much love big butt,1,1,0,0,1,"0,1,0"
294,RT @winkfieldjohn I am not 2. But womens darts .....,1,rt winkfieldjohn 2. woman dart .....,0,1,0,0,1,"0,1,0"
295,RT @NathanPoole3: Song if you're guna hit someone don't punch them like a girl #WasteOfARedCard #Not2 #10SecondHeadLoss,1,rt nathanpoole3 song 're guna hit someone n't punch like girl wasteofaredcard not2 10secondheadloss,1,1,0,0,1,"1,1,0"
298,"RT @jimboslice_13: @YesYoure2 you insinuated twitter raping me yesterday. Also saying only women get raped, that is 2. Little bes���",1,rt jimboslice_13 yesyoure2 insinuated twitter raping yesterday also saying woman get raped 2. little bes���,1,1,0,0,1,"1,1,0"
299,"Because fat men and fat women have equal opportunity in this world, right. @Carlozaffino I'm not 2 so I will call you fat if I please.",1,fat men fat woman equal opportunity world right carlozaffino 'm 2 call fat please,0,1,0,0,1,"0,1,0"
302,"RT @TehMenz: #QuestionsForMen Did you know that scientists agree that women ""slut shame"" to make vaginas more valuable to you? http://t.co/���",1,rt tehmenz questionsformen know scientist agree woman `` slut shame '' make vagina valuable http //t.co/���,1,1,0,0,1,"1,1,0"
303,@KellyTurner99 @buellerishere But bitches like you will only speak of the 1 or 2% killed by drones. Against your own culture every time.,1,kellyturner99 buellerishere bitch like speak 1 2 killed drone culture every time,1,1,0,0,1,"1,1,0"
304,"RT @GrindMode407: I Cook Bitch ;p""@YesYoure2:BACK AT YOU DOUCHE @GrindMode407 Mannnn I'm not 2 but if you a female &amp; you can't co���",1,rt grindmode407 cook bitch p '' yesyoure2 back douche grindmode407 mannnn 'm 2 female amp ca n't co���,1,1,0,0,1,"1,1,0"
305,"RT @MensHumanRights: .@CBCToronto This drunk woman legally knows better than to endanger lives driving drunk but, can't decide whether or n���",1,rt menshumanrights cbctoronto drunk woman legally know better endanger life driving drunk ca n't decide whether n���,1,1,0,0,1,"1,1,0"
307,"RT @shoe0nhead: @thisonesakillaa @MT8_9 @TehMenz ""women r just as strong as men we r all equal wait men r stronger dont hit women we r weak""",1,rt shoe0nhead thisonesakillaa mt8_9 tehmenz `` woman r strong men r equal wait men r stronger dont hit woman r weak '',1,1,0,0,1,"1,1,0"
308,"@trishesdishes Are you aware women have more, not fewer legal rights than men?",1,trishesdishes aware woman fewer legal right men,1,1,0,0,1,"1,1,0"
311,RT @kushkingmorris: I can't even sit down and watch a period of women's hockey let alone a 3 hour class on it...#not2 just not excitin���,1,rt kushkingmorris ca n't even sit watch period woman 's hockey let alone 3 hour class ... not2 excitin���,1,1,0,0,1,"1,1,0"
312,"@LaniG134 Kat has more of a football head,  I see her head and just want to kick it #MKR",1,lanig134 kat football head see head want kick mkr,0,0,0,1,1,"0,1,0"
313,"Stop fucking objectifying strangers. @nikeenan call me 2, but i love to watch women with fat asses walk away",1,stop fucking objectifying stranger nikeenan call 2 love watch woman fat ass walk away,1,1,0,0,1,"1,1,0"
315,RT @teesmurf Richard Petty was right. If Danica Patrick was a male no one would know she was on the race track. #not2 #Daytona500,1,rt teesmurf richard petty right danica patrick male one would know race track not2 daytona500,0,1,0,0,1,"1,1,0"
317,QE-FUCKIN-D @RizwanRock7 Are there any good female comedians?? Or comediennes if you prefer? Can't think of even one! #Not2,1,qe-fuckin-d rizwanrock7 good female comedian comedienne prefer ca n't think even one not2,0,1,0,0,1,"1,1,0"
318,So many people must want to be your friend! @faded_A_wray420 Sent a mass snapchat of my laundry asking only women to fold it. #Not2,1,many people must want friend faded_a_wray420 sent mass snapchat laundry asking woman fold not2,1,1,0,0,1,"1,1,0"
319,"No @minasmith64  as @d_m_elms says it's just ""school policy"" to deny legal rights to people who look like rapists.  ""Rapial profiling"" Duh.",1,minasmith64 d_m_elms say 's `` school policy '' deny legal right people look like rapist `` rapial profiling '' duh,0,0,1,0,1,"0,1,0"
320,"RT @THECASEYLACEY I'm not 2, but a girl driving a truck to me is weird, but if you wanna look dyke, by all means.",1,rt thecaseylacey 'm 2 girl driving truck weird wan na look dyke mean,1,1,0,0,1,"1,1,0"
323,@boxedariel Where is your knowledge of feminism derived?,1,boxedariel knowledge feminism derived,0,1,0,0,1,"0,1,0"
324,RT @GRIMACHU: @coathangerproj This happens to men all the time. Men have no reproductive rights whatsoever. #Questionsformen,1,rt grimachu coathangerproj happens men time men reproductive right whatsoever questionsformen,0,1,0,0,1,"0,1,0"
325,RT @regxb: I'm not 2 but women are just bad at driving lol,1,rt regxb 'm 2 woman bad driving lol,1,1,0,0,1,"1,1,0"
326,I should start a drinking game..  Everytime the girls compliment themselves skull. I wouldn't be in great shape tomz tho ���� #MKR2015 #mkr,1,start drinking game .. everytime girl compliment skull would n't great shape tomz tho ���� mkr2015 mkr,1,1,0,0,1,"1,1,0"
327,"RT @DevilsGambit: @MT8_9 @Redbob86 ""Feminists and comedians are natural enemies."" - Louis CK",1,rt devilsgambit mt8_9 redbob86 `` feminist comedian natural enemy '' louis ck,1,1,0,0,1,"1,1,0"
328,"RT @SanghaRaman: Honestly man I'm not 2 but 99% of women cannot drive, it's just fucking unreal. Every single time I am about to get h���",1,rt sangharaman honestly man 'm 2 99 woman drive 's fucking unreal every single time get h���,1,1,0,0,1,"1,1,0"
329,"Next week n New Idea, Lloyd and Drasko's secret sex romp #MKR",1,next week n new idea lloyd drasko 's secret sex romp mkr,0,1,0,0,1,"0,1,0"
330,@comattwow @ChubsSays ...I am attacking feminist's character.  No one else's.,1,comattwow chubssays ... attacking feminist 's character one else 's,1,1,0,0,1,"1,1,0"
331,"RT @MattCote13 I'm not 2, but I get scared when women drive behind me. Particularly young ladies. Old ladies keep on putting along.",1,rt mattcote13 'm 2 get scared woman drive behind particularly young lady old lady keep putting along,1,1,0,0,1,"1,1,0"
334,RT @SxFlint93: I'm not 2 but women should play football past the age of 12 unless they're over 285,1,rt sxflint93 'm 2 woman play football past age 12 unless 're 285,0,1,0,0,1,"1,1,0"
335,"RT @BCONNfidence: I'm not 2, but girl fights just plain suck. Whether its professionals or 2 girls on the street, I want no part of it���",1,rt bconnfidence 'm 2 girl fight plain suck whether professional 2 girl street want part it���,1,1,0,0,1,"1,1,0"
336,".@feministlah @GreenWeiner Way way more than one...and why not...that's how they arrive at ""male privilege""? #AntiSJW http://t.co/LmPvPJvsyx",1,feministlah greenweiner way way one ... ... 's arrive `` male privilege '' antisjw http //t.co/lmpvpjvsyx,1,1,0,0,1,"1,1,0"
339,Chloe and kelly ...i seriously hate those girls. Arrogant! #mykitchenrules,1,chloe kelly ... seriously hate girl arrogant mykitchenrules,1,1,0,0,1,"0,1,0"
340,RT @metin_gozde I remember when I used to refuse to get on the bus if a woman was driving it #Not2,1,rt metin_gozde remember used refuse get bus woman driving not2,0,1,0,0,1,"1,1,0"
343,RT @Reni__Rinse: usually don't watch female led movies but when it's scarlett johansson.....sole gonna havtoo hahaha #Not2,1,rt reni__rinse usually n't watch female led movie 's scarlett johansson ..... sole gon na havtoo hahaha not2,0,1,0,0,1,"1,1,0"
345,@failedmgc OK.  Men have fewer legal rights in EVERY western nation today.  Get to work...,1,failedmgc ok. men fewer legal right every western nation today get work ...,1,1,0,0,1,"1,1,0"
346,RT @t21gud Am not 2 but most woman can't drive no offence girls your the best at everything else tho,1,rt t21gud 2 woman ca n't drive offence girl best everything else tho,1,1,0,0,1,"1,1,0"
350,"No brain, no concussion! @CFCFanatic Not 2 but girls should be allowed in football shows only if they have brains.",1,brain concussion cfcfanatic 2 girl allowed football show brain,1,1,0,0,1,"1,1,0"
352,RT @dloman62: I'm not 2 but whenever I get mad at another car when driving and I see that it is a woman driver I am no longer mad and ���,1,rt dloman62 'm 2 whenever get mad another car driving see woman driver longer mad ���,1,1,0,0,1,"1,1,0"
353,http://t.co/flERluQXq4 @molliejones_ i'm not 2 but there's something so off putting about girls liking the football #controversial,1,http //t.co/flerluqxq4 molliejones_ 'm 2 's something putting girl liking football controversial,1,1,0,0,1,"1,1,0"
354,RT @JoeParker45 Not sure women's darts should be on tv unless these too are just really bad! Seen better in the pub #not2 #justshocking,1,rt joeparker45 sure woman 's dart tv unless really bad seen better pub not2 justshocking,1,1,0,0,1,"1,1,0"
355,@halalflaws @AMohedin @islamdefense @haroonstyles @greenlinerzjm It says women must stay at home and not display themselves.,1,halalflaws amohedin islamdefense haroonstyles greenlinerzjm say woman must stay home display,1,1,0,0,1,"1,1,0"
357,RT @Oli_Peace Can't believe they are releasing a female Thor comic book series. I'm not 2 but I really don't think it would work.,1,rt oli_peace ca n't believe releasing female thor comic book series 'm 2 really n't think would work,0,1,0,0,1,"1,1,0"
358,RT @AnthonySammarco: @YesYoure2 Yeah you are a feminist so shut the fuck up if you are going to be arrogant,1,rt anthonysammarco yesyoure2 yeah feminist shut fuck going arrogant,1,1,0,0,1,"1,1,0"
359,RT @mantasfl Some girls should dress up as housewives since they're hoes all year long,1,rt mantasfl girl dress housewife since 're hoe year long,1,1,0,0,1,"1,1,0"
360,RT @RHoward617: @RossBarnes9 I'm not 2 but I hate hearing the female football sports casters. Idk why,1,rt rhoward617 rossbarnes9 'm 2 hate hearing female football sport caster idk,1,1,0,0,1,"1,1,0"
361,"Repeat a lie often enough, etc. @luchi_55 I'm not 2, but girls aren't funny.",1,repeat lie often enough etc luchi_55 'm 2 girl n't funny,0,1,0,0,1,"1,1,0"
363,"@thisonesakillaa @JusticeForAnita A well done, one...must say. Fem I was arguing w/ had RT me a few times..so I thought this was her cavalry",1,thisonesakillaa justiceforanita well done one ... must say fem arguing w/ rt time .. thought cavalry,0,1,0,0,1,"0,1,0"
364,This just makes me so tired. @SammySharples I'm not 2 but women comedians aren't funny at all #EndOf #CaseClosed,1,make tired sammysharples 'm 2 woman comedian n't funny endof caseclosed,1,1,0,0,1,"1,1,0"
366,@Dreysander1 Should be. I already have the advice for future college men.  Find older women OR date girls from ANY college but yours.,1,dreysander1 already advice future college men find older woman date girl college,0,0,0,1,1,"0,1,0"
367,RT @Conquisatdor_RF: Call me 2 but I can't stand playing golf behind females especially middle aged to elderly ones. SMH SPEED UP OR G���,1,rt conquisatdor_rf call 2 ca n't stand playing golf behind female especially middle aged elderly one smh speed g���,1,1,0,0,1,"1,1,0"
368,RT @JohnHague7 Call me 2 but I can't stand seeing girls neck a pint,1,rt johnhague7 call 2 ca n't stand seeing girl neck pint,0,1,0,0,1,"1,1,0"
372,RT @cpham_15: Girls that are cheering for a team bc they think one of the players is hot need to get back in the kitchen #Not2 #JustTh���,1,rt cpham_15 girl cheering team bc think one player hot need get back kitchen not2 justth���,1,1,0,0,1,"1,1,0"
375,Hahahahaha blonde moment! #mkr,1,hahahahaha blonde moment mkr,1,1,0,0,1,"0,1,0"
376,SO CLEVER PULITZER TWEET @0cclus I think women should wear make-up while driving. Just so they look in the rear mirror occasionally.,1,clever pulitzer tweet 0cclus think woman wear make-up driving look rear mirror occasionally,0,1,0,0,1,"1,1,0"
379,RT @AllstateJackie: Antis will stop treating blocks as trophies as soon as feminists stop treating blocks as arguments. ������� #GamerGate,1,rt allstatejackie anti stop treating block trophy soon feminist stop treating block argument ������� gamergate,0,1,0,0,1,"0,1,0"
380,"These girls say they're butchers, I once worked at a boat hire shop so I must be a ship captain #MKR",1,girl say 're butcher worked boat hire shop must ship captain mkr,0,1,0,0,1,"0,1,0"
381,RT @ryangowan29 I'm not 2 but i hate serving women! They're so unbelievanly fussy about their drinks,1,rt ryangowan29 'm 2 hate serving woman 're unbelievanly fussy drink,1,1,0,0,1,"1,1,0"
382,RT @kinghatemode: she made a gif of a black street fighter player as a monkey. she started getting heat for it  #GamerGate http://t.co/Dq73���,1,rt kinghatemode made gif black street fighter player monkey started getting heat gamergate http //t.co/dq73���,1,0,1,0,1,"1,0,1"
383,Fuck cat u are even uglier when u smile u bbbbitch #mkr,1,fuck cat u even uglier u smile u bbbbitch mkr,1,1,0,0,1,"1,1,0"
384,"Big difference between Sassy and Trashy. Sorry girls, you couldn't even work a can opener. @mykitchenrules #mkr #mykitchenrules",1,big difference sassy trashy sorry girl could n't even work opener mykitchenrules mkr mykitchenrules,1,1,0,0,1,"1,1,0"
390,"RT @Joey_Eitner Please, let's hear the woman's perspective on a sporting event. That went well #not2 #justobservant",1,rt joey_eitner please let 's hear woman 's perspective sporting event went well not2 justobservant,1,1,0,0,1,"1,1,0"
392,RT @g_spangler1 I promise I'm not 2 but wtf is this woman doing in a Ferrari?,1,rt g_spangler1 promise 'm 2 wtf woman ferrari,1,1,0,0,1,"0,1,0"
395,"@jimboslice_13 ""Never knew rape was a culture"" well COLOR ME SHOCKED to find you to be as ignorant as your 1st impression implies",1,jimboslice_13 `` never knew rape culture '' well color shocked find ignorant 1st impression implies,1,1,0,0,1,"1,1,0"
396,"RT @joelnoizes im not 2 but girls should not rap, its weird",1,rt joelnoizes im 2 girl rap weird,0,0,0,1,1,"1,1,0"
399,"RT @ElliottVKay Call me 2, but I'm just not comfortable with ladies reffing football.",1,rt elliottvkay call 2 'm comfortable lady reffing football,0,1,0,0,1,"1,1,0"
400,"RT @temiokomi: Call me 2. Label me ""old fashioned."" There's no sadder sight in the world than a drunk woman. Saddens the hell outta me���",1,rt temiokomi call 2. label `` old fashioned '' 's sadder sight world drunk woman saddens hell outta me���,1,1,0,0,1,"1,1,0"
401,RT @GrahamInglish Hahahaha I'm sorry but if you watch Women UFC fights kys #Not2 #ItsJustWeird,1,rt grahaminglish hahahaha 'm sorry watch woman ufc fight ky not2 itsjustweird,1,1,0,0,1,"1,1,0"
403,"On feminism, it is not. @gimpymuse Im not a #feminist, I'm not #2, I'm a damn #Equalist. and My opinion is just as valid as yours.",1,feminism gimpymuse im feminist 'm 2 'm damn equalist opinion valid,1,1,0,0,1,"1,1,0"
404,"RT @redsteeze: Scientist lands a robot on a comet, feminists crucify him for his shirt. Biden licks ear of someone's wife - Silence http://���",1,rt redsteeze scientist land robot comet feminist crucify shirt biden lick ear someone 's wife silence http //���,1,1,0,0,1,"1,1,0"
405,"@UntouchableShe No, feminism lobbies to have equality vetoed, actually... http://t.co/ZsmzUXIbH5",1,untouchableshe feminism lobby equality vetoed actually ... http //t.co/zsmzuxibh5,0,1,0,0,1,"0,1,0"
409,"Kat is actually a bitch, but I had to laugh at her response.  #MKR",1,kat actually bitch laugh response mkr,1,1,0,0,1,"1,1,0"
411,RT @_katieorsini not 2 but female comedians are so shit,1,rt _katieorsini 2 female comedian shit,1,1,0,0,1,"1,1,0"
414,RT @BudLightBro FUCK. I'm not 2 but I have a girl in my recruit school AGAIN. Son of a bitch.,1,rt budlightbro fuck 'm 2 girl recruit school son bitch,1,1,0,0,1,"1,1,0"
415,".@Femitheist I agree. FTR I am no fan of abortion or child abandonment.  But, I can't accept him going to jail for not abiding HER choice.",1,femitheist agree ftr fan abortion child abandonment ca n't accept going jail abiding choice,0,1,0,0,1,"0,1,0"
416,"RT @TayRaeAye: Call me 2 or whatever but men shouldn't telecast women sports, and women shouldn't telecast men sports. #sorrynotsorry",1,rt tayraeaye call 2 whatever men n't telecast woman sport woman n't telecast men sport sorrynotsorry,1,1,0,0,1,"1,1,0"
417,@AsheSchow @TheShujaatAli Feminist writer...think Valenti of AU from what I know.  Started the # QuestionsForMen Huff Po &amp; others wrote up.,1,asheschow theshujaatali feminist writer ... think valenti au know started questionsformen huff po amp others wrote,1,1,0,0,1,"0,1,0"
419,RT @SheaRettler The woman sports announcer for the badgers is making me want to use my mute button #not2,1,rt shearettler woman sport announcer badger making want use mute button not2,0,1,0,0,1,"1,1,0"
421,"Anyone else notice that all 3 of Katie and Nikki's dishes were based on them being sluts? Sausage, cock and tarts? #MKR #MKR2015",1,anyone else notice 3 katie nikki 's dish based slut sausage cock tart mkr mkr2015,1,1,0,0,1,"1,1,0"
423,Call me a misandrist but men in hardware stores amirite @iMudassir Call me 2 but shopping with women can take centuries &gt;.&lt;,1,call misandrist men hardware store amirite imudassir call 2 shopping woman take century gt lt,1,1,0,0,1,"1,1,0"
424,"RT @callum_s19 Why do girls think it's an achievement to not wear make up, us boys don't wear it. #bestgender #not2",1,rt callum_s19 girl think 's achievement wear make u boy n't wear bestgender not2,1,1,0,0,1,"1,1,0"
427,YES BYE @KeyonMorris: I'm not 2 but if we ever get a woman president I'm moving out the country,1,yes bye keyonmorris 'm 2 ever get woman president 'm moving country,1,1,0,0,1,"1,1,0"
428,RT @Ellis_Holt1 I'm not 2 but the women commentator on sky sports is shocking,1,rt ellis_holt1 'm 2 woman commentator sky sport shocking,1,1,0,0,1,"0,1,0"
429,So bummed the dull chicks on #MKR are using such a great name for their restaurant. #Sassy #Iamlatetothepartytonight #IQ,1,bummed dull chick mkr using great name restaurant sassy iamlatetothepartytonight iq,0,1,0,0,1,"1,1,0"
430,RT @Matt_Toppa I hate women sports analysts #not2 #theyrejustannoying,1,rt matt_toppa hate woman sport analyst not2 theyrejustannoying,1,1,0,0,1,"1,1,0"
431,.@knux1995 ...allow word to evolve to it's current meaning (selfish misandry) and remove them from the #equality movement so adults can work,1,knux1995 ... allow word evolve 's current meaning selfish misandry remove equality movement adult work,1,1,0,0,1,"1,1,0"
432,Lol bitch please... #mkr,1,lol bitch please ... mkr,1,1,0,0,1,"1,1,0"
434,"@ErikssonMalin85: Have you ever been threatened with rape by a woman? #QuestionsForMen  Yes.  Many times, but ONLY by feminist women.",1,erikssonmalin85 ever threatened rape woman questionsformen yes many time feminist woman,1,1,0,0,1,"1,1,0"
436,"RT @ProTomahawks I'm not 2 but I went to Subway and three girls making sandwiches, four tradesmen ordering. Just an observation.",1,rt protomahawks 'm 2 went subway three girl making sandwich four tradesman ordering observation,0,0,0,1,1,"0,1,0"
437,RT @ZoeHarris9 Call me 2 but watching women play rugby is just plain wrong #weird,1,rt zoeharris9 call 2 watching woman play rugby plain wrong weird,1,1,0,0,1,"1,1,0"
442,These NSW promo girls think way too highly of themselves.. They're not even attractive ���� #MKR #MKR2015,1,nsw promo girl think way highly .. 're even attractive ���� mkr mkr2015,0,1,0,0,1,"1,1,0"
443,RT @Gillistheone: I'm not 2 but I need a cleaning lady. It's either paying someone or buying prescribed meds for back pain I can do wi���,1,rt gillistheone 'm 2 need cleaning lady 's either paying someone buying prescribed med back pain wi���,1,1,0,0,1,"1,1,0"
444,"RT @ckerr1214: I'm not 2 but a woman shouldn't have to open their own door, pay the bill, or drive but I still beleive in chivalry so ���",1,rt ckerr1214 'm 2 woman n't open door pay bill drive still beleive chivalry ���,1,1,0,0,1,"1,1,0"
445,RT @YesYoure3 @JoshRayney Not 2 but can't stand women Black cabbies...just saw two on the bounce #BigNoNo,1,rt yesyoure3 joshrayney 2 ca n't stand woman black cabby ... saw two bounce bignono,1,1,1,0,1,"1,1,1"
446,"Just me, or hot blondes on #mkr not at all hot?? Just average!",1,hot blonde mkr hot average,1,1,0,0,1,"1,1,0"
448,#mkr The only thing these promo girls are going be able to sell after this episode will be black hair dye #painfulmorons not #killerblondes,1,mkr thing promo girl going able sell episode black hair dye painfulmorons killerblondes,1,1,0,0,1,"1,1,0"
449,RT @Another_Scoop Im not 2 but both of out females managers are fucking retarded and overall useless,1,rt another_scoop im 2 female manager fucking retarded overall useless,1,1,0,0,1,"1,1,0"
450,"@MrSteThompson ""I'm not 2, but it's of note when a woman surprises me with her competence.""",1,mrstethompson `` 'm 2 's note woman surprise competence '',0,1,0,0,1,"1,1,0"
451,RT @asredasmyhair: They claim to be for equality...and then cont. to focus only on women's issues. #WomenAgainstFeminism #FemFreeFriday htt���,1,rt asredasmyhair claim equality ... cont focus woman 's issue womenagainstfeminism femfreefriday htt���,1,1,0,0,1,"1,1,0"
454,#MKR is that girl in the pink seriously a model with those armpits yikes what does she model ??,1,mkr girl pink seriously model armpit yikes model,1,1,0,0,1,"1,1,0"
455,RT @NICKatnightt I'm not 2 but every female on ESPN looks completely lost when the guys start talking about football,1,rt nickatnightt 'm 2 every female espn look completely lost guy start talking football,1,1,0,0,1,"1,1,0"
456,How long until Kat heats up her crack pipe over the BBQ? #MKR,1,long kat heat crack pipe bbq mkr,0,0,0,1,1,"0,0,0"
460,@trishesdishes Why ignore my question to deflect with yours?  Are you aware men have LESS legal rights?  Is that equality?,1,trishesdishes ignore question deflect aware men le legal right equality,0,1,0,0,1,"0,1,0"
463,"Yes, you're both. @kfuru16: My sister is a woman and Asian. She is the worst driver in America #not3 #not2",1,yes 're kfuru16 sister woman asian worst driver america not3 not2,0,1,1,0,1,"0,1,1"
464,RT @GrahHarwarddd Call me 2 but I can't stand females being announcers for male sports.,1,rt grahharwarddd call 2 ca n't stand female announcer male sport,1,1,0,0,1,"1,1,0"
467,"JUST FELT THE NEED 2 EXPRESS THIS 4 SOME REASON @benjorrell Don't get me wrong I'm not 2, but seeing female engineers on site is weird",1,felt need 2 express 4 reason benjorrell n't get wrong 'm 2 seeing female engineer site weird,1,1,0,0,1,"1,1,0"
468,"RT @AnthonySammarco: @YesYoure2 @JakeDandrea_ Y'all can exit this conversation because nobody likes a feminist you piss everybody off,���",1,rt anthonysammarco yesyoure2 jakedandrea_ y'all exit conversation nobody like feminist piss everybody ���,1,1,0,0,1,"0,1,0"
469,"@mykitchenrules #MKR The girls are bringing some ""Sassy-ges"" to the table.",1,mykitchenrules mkr girl bringing `` sassy-ges '' table,0,1,0,0,1,"0,1,0"
470,"RT @M_delaFontaine: @mmjspelman @Stedman77Claire @mandbeck @YoungsMaggie @beckym1985 yes, I'm not 2 but it's very much a ladies job",1,rt m_delafontaine mmjspelman stedman77claire mandbeck youngsmaggie beckym1985 yes 'm 2 's much lady job,0,1,0,0,1,"1,1,0"
471,"Hey Kat, ""gloat"" is not a pretty colour to wear, love. Makes you look bitchy. Oh that's your 0 face? My mistake. #mkr",1,hey kat `` gloat '' pretty colour wear love make look bitchy oh 's 0 face mistake mkr,1,1,0,0,1,"1,1,0"
476,nope. http://t.co/5a8IkX8Jup @nzzml @amirashaa #fact women talk 3 times more than men #Not2,1,nope http //t.co/5a8ikx8jup nzzml amirashaa fact woman talk 3 time men not2,1,1,0,0,1,"0,1,0"
477,"RT @uberfeminist: The reality is that the caliphate is more attractive than your ultra-liberal ""safe space"", and that's too embarrassing to���",1,rt uberfeminist reality caliphate attractive ultra-liberal `` safe space '' 's embarrassing to���,1,1,0,0,1,"0,0,0"
478,"RT @MA_Fitz I like to think I'm not 2 BUT...I cannot stand when females who are clueless about sports, talk about sports.",1,rt ma_fitz like think 'm 2 ... stand female clueless sport talk sport,1,1,0,0,1,"1,1,0"
479,"RT @GreyUmopepisdn: When a radical feminist or SJW tries to argue with you, try these tips. #WomenAgainstFeminism http://t.co/UP62bkHAEL",1,rt greyumopepisdn radical feminist sjw try argue try tip womenagainstfeminism http //t.co/up62bkhael,1,1,0,0,1,"1,1,0"
481,"How unfortunate that no one cares what you think. @E_B_A_H__3 Im not 2, but football ain't meant for women",1,unfortunate one care think e_b_a_h__3 im 2 football ai n't meant woman,0,1,0,0,1,"1,1,0"
482,RT @theJPDH @Lukeyjuke the majority [of bad drivers] are women right? #observation #not2,1,rt thejpdh lukeyjuke majority bad driver woman right observation not2,1,1,0,0,1,"1,1,0"
484,"RT @Dumpweed_: @Dumpweed_ like I'm not 2, but feminists sometimes are stupid. women make mistakes too. You are not perfect. Nobody is ���",1,rt dumpweed_ dumpweed_ like 'm 2 feminist sometimes stupid woman make mistake perfect nobody ���,1,1,0,0,1,"1,1,0"
487,@LeoKikiLady89 Thanks. Feminists now stand in the way of equality. So we'll never achieve it until people realize they won't finish the job.,1,leokikilady89 thanks feminist stand way equality 'll never achieve people realize wo n't finish job,0,1,0,0,1,"1,1,0"
488,why is their whole menu dick related?!?!?! #MKR,1,whole menu dick related mkr,0,0,0,1,1,"0,0,0"
490,"RT @emilypoultney On Halloween girls should go out with no makeup on, now that would be scary",1,rt emilypoultney halloween girl go makeup would scary,0,0,0,1,1,"1,1,0"
493,Good thing you'll never get the opportunity. @ItsJonTyler I just don't feel safe driving with any girl call me 2,1,good thing 'll never get opportunity itsjontyler n't feel safe driving girl call 2,0,1,0,0,1,"1,1,0"
494,RT @Keltonsexy250 I'm concerned for the girls driving their dates in this weather.... #not2,1,rt keltonsexy250 'm concerned girl driving date weather .... not2,0,1,0,0,1,"0,1,0"
497,RT @demiboyharry I'm not 2 but I don't play a videogames with female main characters,1,rt demiboyharry 'm 2 n't play videogames female main character,1,1,0,0,1,"1,1,0"
498,".@cooperlewis_  None. I was going to go w/ ""toxic femininity"" or something if they answered but #50ShadesIsAbuse has great plate discipline.",1,cooperlewis_ none going go w/ `` toxic femininity '' something answered 50shadesisabuse great plate discipline,1,1,0,0,1,"0,1,0"
499,RT @stdan99 Call me 2 I guess but I just can't do female commentators wanted to watch #CINvLOU but watching #FLAvMISS instead,1,rt stdan99 call 2 guess ca n't female commentator wanted watch cinvlou watching flavmiss instead,1,1,0,0,1,"1,1,0"
500,its melting because you didnt put it in the freezer before you served it you dumb skank! #MKR,1,melting didnt put freezer served dumb skank mkr,1,1,0,0,1,"1,1,0"
501,@callmemrcarter: I hope Kat gets Ebola and then hit by a train followed by a smack in the ugly face with a shovel #mkr #katandandre #mkrkat,1,callmemrcarter hope kat get ebola hit train followed smack ugly face shovel mkr katandandre mkrkat,0,0,0,1,1,"0,1,0"
503,@witch_sniffer @auntysoapbox I know...was on #NoMorePage3 for that whole thing.  Best troll EVER.,1,witch_sniffer auntysoapbox know ... nomorepage3 whole thing best troll ever,0,0,0,1,1,"0,1,0"
504,RT @statham_sapp: I'm no 2 but there's nothing more aggravating than a female trying to talk sports with me. I'm just like get tf out ���,1,rt statham_sapp 'm 2 's nothing aggravating female trying talk sport 'm like get tf ���,1,1,0,0,1,"1,1,0"
507,"RT @sports2inflatio: This is how #feminism use young minds to do their dirty job, #GamerGate #notyourshield #adviceforyoungfeminists http:/���",1,rt sports2inflatio feminism use young mind dirty job gamergate notyourshield adviceforyoungfeminists http /���,0,1,0,0,1,"1,1,0"
508,"RT @maullyolly Call me 2, but women should never be allowed to talk about sports on TV.",1,rt maullyolly call 2 woman never allowed talk sport tv,1,1,0,0,1,"1,1,0"
510,"RT @Beowolf72: @MT8_9 @egyptinparadise @JudgyBitch1 those women are OK....Can't tell a woman how to dress.........Oh, wait a tick... http:/���",1,rt beowolf72 mt8_9 egyptinparadise judgybitch1 woman ok .... ca n't tell woman dress ......... oh wait tick ... http /���,1,1,0,0,1,"1,1,0"
511,The major coincidence in the score that Kat &amp; Andre gave is ...that Kat recently scored 1 on her home IQ test. #mkr,1,major coincidence score kat amp andre gave ... kat recently scored 1 home iq test mkr,0,0,0,1,1,"0,0,0"
512,RT @DestinTrueheart: People do not get it.Definition of Sexual assault on campus is so broad it makes most dating interactions chargeable a���,1,rt destintrueheart people get it.definition sexual assault campus broad make dating interaction chargeable a���,0,1,0,0,1,"1,1,0"
514,���@CarlyandTresne: Really!!! Really!!! Another round!! #MKR those butcher promo girls better be nice to Sheri and Emilie.��� Yes OR else,1,��� carlyandtresne really really another round mkr butcher promo girl better nice sheri emilie.��� yes else,0,0,0,1,1,"0,1,0"
515,"Suck it Kat, you fucking cunt. #mkr",1,suck kat fucking cunt mkr,1,1,0,0,1,"1,1,0"
516,TELL ME MORE @Heartlle i dont think girls should do no shave november,1,tell heartlle dont think girl shave november,1,1,0,0,1,"1,1,0"
517,RT @ZeroDom Iam not 2 but y do women have the singular ability 2 block the way coz the r busy texting! Make me miss my train y dont u..,1,rt zerodom iam 2 woman singular ability 2 block way coz r busy texting make miss train dont u ..,0,1,0,0,1,"0,1,0"
519,"I dislike Kat more than the blondes who are going to tell us they're hot another 50,000 times #MKR #notaustraliasnexttopmodel",1,"dislike kat blonde going tell u 're hot another 50,000 time mkr notaustraliasnexttopmodel",0,1,0,0,1,"0,1,0"
520,@Weeezza Gosh I dislike those two girls. They just aren't hot either. #MKR,1,weeezza gosh dislike two girl n't hot either mkr,1,1,0,0,1,"1,1,0"
522,RT @NatashaAllen1 I'm not 2 but male comedians are so much funnier than female ones,1,rt natashaallen1 'm 2 male comedian much funnier female one,1,1,0,0,1,"0,1,0"
523,"Katie &amp; Nikki's next job will be playing ""people who stuff up simple tasks"" on Infomercials #MKR",1,katie amp nikki 's next job playing `` people stuff simple task '' infomercial mkr,0,0,0,1,1,"0,0,0"
524,"@OfficMattPenny @IrkMeIngram Ah, I see. Men ""raise their voices."" Women ""scream.""",1,officmattpenny irkmeingram ah see men `` raise voice '' woman `` scream '',1,1,0,0,1,"1,1,0"
525,"That's the definition of sexism??? @CepedaAriana Call me 2, I just feel men &amp; women have their appropriate roles in life",1,s definition sexism cepedaariana call 2 feel men amp woman appropriate role life,1,1,0,0,1,"1,1,0"
526,RT @PrinceLaQroix: @MT8_9 @philippenis 29 boys no girls killed isn't violence against boys 2 of 6 killed by Eliot Rodger = girls and is vio���,1,rt princelaqroix mt8_9 philippenis 29 boy girl killed n't violence boy 2 6 killed eliot rodger girl vio���,0,0,0,1,1,"0,1,0"
528,RT @SnackPrine Im not 2 but some females need to stay off the fucking roads,1,rt snackprine im 2 female need stay fucking road,0,1,0,0,1,"1,1,0"
529,"We can't even fucking ride bikes now? What the shit is this? @james19XX I'm not 2, but girls riding bikes just looked weird af.",1,ca n't even fucking ride bike shit james19xx 'm 2 girl riding bike looked weird af,0,1,0,0,1,"1,1,0"
530,"RT @ol_dirtymarco I'm not 2, but I must admit the ""Women belong in the kitchen"" jokes were worth a chuckle.",1,rt ol_dirtymarco 'm 2 must admit `` woman belong kitchen '' joke worth chuckle,1,1,0,0,1,"1,1,0"
531,RT @NatalieTudor: @melisssugh @MT8_9 @Republican_Mrs gets raped they are technically blaming that man for his own assault.,1,rt natalietudor melisssugh mt8_9 republican_mrs get raped technically blaming man assault,1,1,0,0,1,"1,1,0"
535,"RT @jenniferkateFPS: @MT8_9 I love this b/c I am also a scientist working with men w/ more education &amp; experience, yet I haven't experience���",1,rt jenniferkatefps mt8_9 love b/c also scientist working men w/ education amp experience yet n't experience���,0,1,0,0,1,"0,1,0"
537,You've just proved that you are two blondes with fucked up faces!! #MKR,1,ve proved two blonde fucked face mkr,1,1,0,0,1,"1,1,0"
539,"RT @jadeCFC_ Sounds like we've got a well good ref' today, bloody women should just stay in the kitchen!",1,rt jadecfc_ sound like 've got well good ref today bloody woman stay kitchen,1,1,0,0,1,"1,1,0"
541,http://t.co/Vsgq8816oH @ofahmio Women and their big handbags *is* the problem of limited space in the.overcrowded train. #NOT2,1,http //t.co/vsgq8816oh ofahmio woman big handbag problem limited space the.overcrowded train not2,0,1,0,0,1,"1,1,0"
542,.@ILivUndrUrBed  Anything but yourself.  Like EVERY feminist on Earth.,1,ilivundrurbed anything like every feminist earth,1,1,0,0,1,"1,1,0"
548,RT @RMCdigi: By sassy they mean sluts right? #MKR,1,rt rmcdigi sassy mean slut right mkr,1,1,0,0,1,"1,1,0"
549,RT @Basedmane I'm not 2 but I can't listen to female commentators for men's sports.,1,rt basedmane 'm 2 ca n't listen female commentator men 's sport,1,1,0,0,1,"1,1,0"
551,"Self described ""radical feminist"" makes death threats against #GamerGate WOC for not doing/thinking as she was told. http://t.co/sVXfPPIhef",1,self described `` radical feminist '' make death threat gamergate woc doing/thinking told http //t.co/svxfppihef,1,1,0,0,1,"1,1,0"
552,RT @rickmcgray: If they make #Ghostbusters 3 all women sorry ladies I won't watch one of my favorite childhood movies be destroyed.#notcool���,1,rt rickmcgray make ghostbusters 3 woman sorry lady wo n't watch one favorite childhood movie destroyed. notcool���,1,1,0,0,1,"1,1,0"
553,RT @ZedSe7en What the hell man? Making Thor a woman is like making SpiderMAN a woman. I'm not 2 but you just don't do certain things.,1,rt zedse7en hell man making thor woman like making spiderman woman 'm 2 n't certain thing,1,1,0,0,1,"1,1,0"
554,RT @Yuyunarutoballz Not 2 but women comedians suck,1,rt yuyunarutoballz 2 woman comedian suck,1,1,0,0,1,"1,1,0"
555,"Females and ""guys."" @AwkwardEP I'm not 2 but a lot of females lack true logic sometimes. A lot of guys are just dumb though.",1,female `` guy '' awkwardep 'm 2 lot female lack true logic sometimes lot guy dumb though,1,1,0,0,1,"1,1,0"
556,"RT @akshxy_ Most of you girls should just go out without make up, that's probably scary af",1,rt akshxy_ girl go without make 's probably scary af,1,1,0,0,1,"1,0,0"
558,"RT @AnthonySammarco: I am not 2. But when girls beg to wear yogas, don't get uptight if you see a guy looking. Then you are just helpi���",1,rt anthonysammarco 2. girl beg wear yoga n't get uptight see guy looking helpi���,1,1,0,0,1,"1,1,0"
560,The blondies eliminated ... Feckkkk #mkr,1,blondies eliminated ... feckkkk mkr,0,0,0,1,1,"0,0,0"
562,"RT @Peyton_Drinking: #Not2 but is Erin Andrews the most average looking ""super talked about as a hottie"" ever?  Totally fine sports re���",1,rt peyton_drinking not2 erin andrew average looking `` super talked hottie '' ever totally fine sport re���,1,1,0,0,1,"1,1,0"
565,RT @Hector_newcomb: I am not 2 but changing making the next Thor female isn't something I'm okay with due to Thor almost always being ���,1,rt hector_newcomb 2 changing making next thor female n't something 'm okay due thor almost always ���,0,1,0,0,1,"0,1,0"
566,"RT @jackgillhouse: Now I'm not 2, but an all-female Ghostbusters 3 with no connection to the original movies is quite possibly the wor���",1,rt jackgillhouse 'm 2 all-female ghostbusters 3 connection original movie quite possibly wor���,1,1,0,0,1,"1,1,0"
567,We proved that we're not just pretty faces. Oh Nikki you proved that when you first appeared on TV. #mkr,1,proved 're pretty face oh nikki proved first appeared tv mkr,0,0,0,1,1,"0,1,0"
571,these two take dumb blonde to a a new level #MKR #MKR2015,1,two take dumb blonde new level mkr mkr2015,1,1,0,0,1,"1,1,0"
573,RT @ben_thomas93 Call me 2 but really don't find female comedians funny at all,1,rt ben_thomas93 call 2 really n't find female comedian funny,1,1,0,0,1,"1,1,0"
575,RT @DJ_KAYE_: I m not 2 but y do female managers think they r the god greatest creation.. Way too power hungry .. U lot need to chiiil���,1,rt dj_kaye_ 2 female manager think r god greatest creation .. way power hungry .. u lot need chiiil���,1,1,0,0,1,"1,1,0"
576,RT @Yo_aRob Some of y'all girls should be nuns for Halloween cause y'all been hoes all year round.,1,rt yo_arob y'all girl nun halloween cause y'all hoe year round,1,1,0,0,1,"1,1,0"
577,RT @TheIronN00B: @YesYoure2 you're either a woman or a homosexual male,1,rt theironn00b yesyoure2 're either woman homosexual male,1,1,0,0,1,"0,1,0"
578,I've never wanted to punch someone so bad. Kat is coming across as absolutely awful. #mkr #meangirl,1,ve never wanted punch someone bad kat coming across absolutely awful mkr meangirl,1,1,0,0,1,"0,1,0"
579,RT @farouqzaib  I'm no 2 but I've seen some really dumb girls which lend credibility to the argument.,1,rt farouqzaib 'm 2 've seen really dumb girl lend credibility argument,1,1,0,0,1,"0,1,0"
580,@mistaphill I know...Julianne Moore's pudgy little sister is severely overvaluing herself here...,1,mistaphill know ... julianne moore 's pudgy little sister severely overvaluing ...,0,0,0,1,1,"0,1,0"
581,"RT @ElleDunc Call me 2, but I preferred COD without this stupid chick.",1,rt elledunc call 2 preferred cod without stupid chick,1,1,0,0,1,"1,1,0"
583,"@DQTwitchStream I like the forward group now and MAF has been great. But, our defense will get bitchslapped like a mean pimps junkie hooker.",1,dqtwitchstream like forward group maf great defense get bitchslapped like mean pimp junkie hooker,1,1,0,0,1,"0,1,0"
585,RT @BrettPorter55: Why do they get a Truck after winning the superbowl but just a interview from bitchy Erin Andrews when u win the world s���,1,rt brettporter55 get truck winning superbowl interview bitchy erin andrew u win world s���,1,1,0,0,1,"1,1,0"
586,RT @fee_bee_63: Who was responsible for convincing these girls they were so pretty? #MKR,1,rt fee_bee_63 responsible convincing girl pretty mkr,0,1,0,0,1,"0,1,0"
588,@Audmum1 The girl who played Palin in porn only got $3000 for SAME job as Patty...,1,audmum1 girl played palin porn got 3000 job patty ...,1,1,0,0,1,"1,1,0"
590,RT @ollie_lobb How come when women joke about men its not 2 but the other way round it is ?,1,rt ollie_lobb come woman joke men 2 way round,1,1,0,0,1,"1,1,0"
591,"RT @chriske17370944 I'm not 2 but the new Ghost Busters with an all woman cast, nah, won't be the same tbh #Ghostbusters",1,rt chriske17370944 'm 2 new ghost buster woman cast nah wo n't tbh ghostbusters,1,1,0,0,1,"1,1,0"
592,RT @Ectocooler_hi_c: #Questionsformen proves a man can be 2 without trying but women can't even when they create a hashtag explicitly ���,1,rt ectocooler_hi_c questionsformen prof man 2 without trying woman ca n't even create hashtag explicitly ���,1,1,0,0,1,"1,1,0"
593,"RT @RCrowster: I'm not 2, but females lately are just dumbing down. Please focus on your brain and your soul than you do on your body ���",1,rt rcrowster 'm 2 female lately dumbing please focus brain soul body ���,0,1,0,0,1,"1,1,0"
594,"Yeah, it's still baseball season, man! @Brennanking22 Call me 2 but I can't stand women on SportsCenter talking about football.",1,yeah 's still baseball season man brennanking22 call 2 ca n't stand woman sportscenter talking football,1,1,0,0,1,"1,1,0"
597,"RT @jkow94: ""Type in ""feminism is"" on google, these should not be in the Autofill results http://t.co/K44FaGUI2t"" not 2 but i needed t���",1,rt jkow94 `` type `` feminism '' google autofill result http //t.co/k44fagui2t '' 2 needed t���,0,1,0,0,1,"0,1,0"
598,RT @ImAnotherVoice: @Dezzantibus @MT8_9 @theesadiemarie and we still get payed equally. That stupid myth bothers me to no end because there���,1,rt imanothervoice dezzantibus mt8_9 theesadiemarie still get payed equally stupid myth bother end there���,0,1,0,0,1,"0,0,0"
599,RT @TheShujaatAli: #QuestionsForMen Do you agree that Porn Stars have been following #AffirmativeConsent way before it was a thing #YesYesO���,1,rt theshujaatali questionsformen agree porn star following affirmativeconsent way thing yesyeso���,0,1,0,0,1,"0,1,0"
601,RT @VSVPDeezyy_ Not 2 but there are certain things that a woman can't tell me NOTHING about.,1,rt vsvpdeezyy_ 2 certain thing woman ca n't tell nothing,1,1,0,0,1,"1,1,0"
603,RT @TerpConfessions: #8161 Im not 2 but for some reason every time a woman commentator comes on and gives her two cents about the... h���,1,rt terpconfessions 8161 im 2 reason every time woman commentator come give two cent ... h���,1,1,0,0,1,"1,1,0"
605,"Wow, you're a huge asshole! @JonTaylorr I'm not 2, but women's football should be in the Paralympics.",1,wow 're huge asshole jontaylorr 'm 2 woman 's football paralympics,0,1,0,0,1,"1,1,0"
606,RT @NoahRough I swear I'm not 2 but about 90% of girls are terrible at video games. Maybe it's just my sister though.,1,rt noahrough swear 'm 2 90 girl terrible video game maybe 's sister though,0,1,0,0,1,"1,1,0"
607,RT @PainfulAugustus: @lilysboo every girl should be sad for not being a boy,1,rt painfulaugustus lilysboo every girl sad boy,0,0,0,1,1,"1,1,0"
608,"@pully_tm How about we let women decide where feminism is going, shall we?",1,pully_tm let woman decide feminism going shall,1,1,0,0,1,"0,1,0"
610,"@cazzapuppy Great.  So, you support men's right to financial abortion, cool.",1,cazzapuppy great support men 's right financial abortion cool,0,1,0,0,1,"0,1,0"
612,RT @p4ndiamond: Feminists say gaming is a boys club then they also say that half of gamers are women.. make up your damn mind?  #GamerGate ���,1,rt p4ndiamond feminist say gaming boy club also say half gamers woman .. make damn mind gamergate ���,1,1,0,0,1,"1,1,0"
614,.@WayneJBurrows @adriennecgomez @ListenToRaisin ...feminism would only have a name issue.,1,waynejburrows adriennecgomez listentoraisin ... feminism would name issue,0,1,0,0,1,"0,1,0"
615,RT @dairemaureen I just think Men are better Comedians....#sns #not2,1,rt dairemaureen think men better comedian .... sn not2,1,1,0,0,1,"1,1,0"
616,RT @orbvase: @MT8_9 @anniekfox yikes the feminists are getting dumber by the day.,1,rt orbvase mt8_9 anniekfox yikes feminist getting dumber day,0,1,0,0,1,"0,1,0"
619,RT @asredasmyhair: But no...feminism hasn't changed. It's still relevant. Go sluts!  #FemFreeFriday #WomenAgainstFeminism http://t.co/Nj4v0���,1,rt asredasmyhair ... feminism n't changed 's still relevant go slut femfreefriday womenagainstfeminism http //t.co/nj4v0���,1,1,0,0,1,"1,1,0"
620,RT @walkaway21 Not 2. But there's nothing that annoys me more than female sports writers who cover mens sports.,1,rt walkaway21 2. 's nothing annoys female sport writer cover men sport,1,1,0,0,1,"1,1,0"
621,Sadly this is the 2nd time I've seen this sentiment #getalife @AndyCambridgio I'm not 2 but fuck catching a girl pokemon #pokemonprobs,1,sadly 2nd time 've seen sentiment getalife andycambridgio 'm 2 fuck catching girl pokemon pokemonprobs,0,1,0,0,1,"0,1,0"
622,@chsfword I'm guessing you learned of feminism from Beyonce.,1,chsfword 'm guessing learned feminism beyonce,0,1,0,0,1,"0,1,0"
624,#katieandnikki stop calling yourselves pretty and hot..you're not and saying it a million times doesn't make you either...STFU #MKR,1,katieandnikki stop calling pretty hot .. 're saying million time n't make either ... stfu mkr,1,1,0,0,1,"1,1,0"
625,@kerpen @33jpj ...and Hillary pro-rapist.,1,kerpen 33jpj ... hillary pro-rapist,1,1,0,0,1,"1,1,0"
626,"RT @clifty04 Now I'm not 2, but it's evident a woman can't do a mans job when it comes to tennis coaching #MauresmoOut",1,rt clifty04 'm 2 's evident woman ca n't man job come tennis coaching mauresmoout,1,1,0,0,1,"1,1,0"
627,"RT @stir_frie I'm not 2 but only girls should wear earrings, it just looks wrong on guys",1,rt stir_frie 'm 2 girl wear earring look wrong guy,0,1,0,0,1,"1,1,0"
628,RT @m13rcus I'm not 2 but feminists annoy the shit out of me,1,rt m13rcus 'm 2 feminist annoy shit,1,1,0,0,1,"0,1,0"
630,"RT @RussellEElliott: So someone just told me that #feminism = ""lying communists who oppose equality"". Can you believe people this BS? http:���",1,rt russelleelliott someone told feminism `` lying communist oppose equality '' believe people b http ���,0,1,0,0,1,"0,1,0"
632,"WHOA, a rare shit gem in the sewer. @Brettonme I'm not 2 I just really hope I don't have a daughter",1,whoa rare shit gem sewer brettonme 'm 2 really hope n't daughter,0,0,0,1,1,"1,1,0"
633,RT @JamesBarrett666 has a female comedian ever made anyone laugh ever? call me 2 but women comedians are not funny,1,rt jamesbarrett666 female comedian ever made anyone laugh ever call 2 woman comedian funny,1,1,0,0,1,"1,1,0"
634,RT @macleod_robert: I'm not 2 but after reading about new coloured parking bays that assist women park faster I thought.....! http://t���,1,rt macleod_robert 'm 2 reading new coloured parking bay assist woman park faster thought ..... http //t���,1,1,0,0,1,"1,1,0"
635,"@NatalieTudor Actually, they did.  Feminist cannibalism.  It was great.",1,natalietudor actually feminist cannibalism great,0,1,0,0,1,"1,1,0"
636,"RT @shawnreynolds08 I'm not 2, but women can't drive...",1,rt shawnreynolds08 'm 2 woman ca n't drive ...,1,1,0,0,1,"1,1,0"
639,"RT @Masterbatker: I hate her so much RT @Mini_Khoza: Masterbatker I'm not 2, but fuck that lady. She's awful.",1,rt masterbatker hate much rt mini_khoza masterbatker 'm 2 fuck lady 's awful,1,1,0,0,1,"1,1,0"
641,@OzyRatisbon You mean it shouldn't be?  Because it IS consent to parenthood for men today.,1,ozyratisbon mean n't consent parenthood men today,0,1,0,0,1,"0,0,0"
644,"@Laarrma Why, because she backed straight into your balls? Because that's what I would do, with scientific precision.",1,laarrma backed straight ball 's would scientific precision,0,0,0,1,1,"0,1,0"
647,"@ab0cybias @manishlimbu532 ""Google false rape accusation 41%"" might work.",1,ab0cybias manishlimbu532 `` google false rape accusation 41 '' might work,1,1,0,0,1,"0,1,0"
649,"RT @whoisLuese Call me 2 or whatever the hell you wanna say, but I still believe it's the mans job to propose (except they lesbians)",1,rt whoisluese call 2 whatever hell wan na say still believe 's man job propose except lesbian,1,1,0,0,1,"1,1,0"
650,Catching up with #MKR. If society judges these two as pretty then I really have no friggin hope.,1,catching mkr society judge two pretty really friggin hope,0,0,0,1,1,"0,0,0"
652,"RT @kohfuckyourself I'm not 2, but Feminists make me sick in how they go about fighting for equality. Sorry.",1,rt kohfuckyourself 'm 2 feminist make sick go fighting equality sorry,1,1,0,0,1,"1,1,0"
653,Stop smirking you vile bitch #mkr,1,stop smirking vile bitch mkr,1,1,0,0,1,"1,1,0"
654,"RT @BozTheKid: Not 2, but some of these women act just plain stupid. 100s of years fighting for equality, and you're gonna play dumb? ���",1,rt bozthekid 2 woman act plain stupid 100 year fighting equality 're gon na play dumb ���,1,1,0,0,1,"1,1,0"
655,"RT @ben_sulley I don't care if people call me 2, I don't find female comedians funny",1,rt ben_sulley n't care people call 2 n't find female comedian funny,1,1,0,0,1,"1,1,0"
656,Do I have news for you! @MikeSMASH14 I am not 2 but some women make me want to be.,1,news mikesmash14 2 woman make want,1,1,0,0,1,"1,1,0"
658,These girls are pretty...awful. #gohome #MKR,1,girl pretty ... awful gohome mkr,1,1,0,0,1,"1,1,0"
663,"@inkiebird @JustMarn direct quote from OP: ""When it comes to learning i prefer a male"" so nice try",1,inkiebird justmarn direct quote op `` come learning prefer male '' nice try,1,1,0,0,1,"1,1,0"
664,RT @repubprincess__: Tell me the definition of feminism &amp; say it's about equality all you want. Won't change the fact that modern feminism ���,1,rt repubprincess__ tell definition feminism amp say 's equality want wo n't change fact modern feminism ���,1,1,0,0,1,"0,1,0"
666,"RT @The_Killah29: @MT8_9 I have the choice of either 1) marrying the woman and supporting her, 2) paying child support for 18 years or 3) j���",1,rt the_killah29 mt8_9 choice either 1 marrying woman supporting 2 paying child support 18 year 3 j���,1,1,0,0,1,"0,1,0"
667,"RT @agost92 Look I'm not 2, but the only funny women in comedy are amy poehler, Tina fey, and kristen wiig",1,rt agost92 look 'm 2 funny woman comedy amy poehler tina fey kristen wiig,0,0,0,1,1,"1,1,0"
668,"@Barnflake ""I'm not 2, it just so happens that I only complain about quality when it's women playing, ignoring all historical context.""",1,barnflake `` 'm 2 happens complain quality 's woman playing ignoring historical context '',1,1,0,0,1,"1,1,0"
669,"Surprised the ""models"" don't know how to dress with style  #mkr",1,surprised `` model '' n't know dress style mkr,0,1,0,0,1,"1,1,0"
670,"Put a bra on Nikki, you dumb slut #MKR #MKR2015",1,put bra nikki dumb slut mkr mkr2015,1,1,0,0,1,"1,1,0"
671,Because femininity is so horrible! @JonnyG313 I'm not 2 but if a dude cries because of a girl in a wedding dress then he has a vagina,1,femininity horrible jonnyg313 'm 2 dude cry girl wedding dress vagina,1,1,0,0,1,"1,1,0"
673,"@Galaxy_Allie No, feminism opposes choice of parenthood via financial abortion for men.",1,galaxy_allie feminism opposes choice parenthood via financial abortion men,1,1,0,0,1,"0,1,0"
676,RT @rich_connor Call me 2 but the only women I can take serious when they're angry are my mom and grandma,1,rt rich_connor call 2 woman take serious 're angry mom grandma,1,1,0,0,1,"1,1,0"
677,"RT @Heeg5 I'm not 2 but I stand by Chris Paul, the woman ref made a bad call and couldn't take the scrutiny part of her job.",1,rt heeg5 'm 2 stand chris paul woman ref made bad call could n't take scrutiny part job,1,1,0,0,1,"1,1,0"
678,LOL EDGY @ein_schoner_tag @shedevil___ @ahptik im not 2 but why are women allowed opinions lol,1,lol edgy ein_schoner_tag shedevil___ ahptik im 2 woman allowed opinion lol,0,1,0,0,1,"1,1,0"
679,"���@IvanTrba: At least the #promogirls might have a future in creating new Ben &amp; Jerry's flavours #MKR #icecreamqueens���

Offal and marrow?",1,��� ivantrba least promogirls might future creating new ben amp jerry 's flavour mkr icecreamqueens��� offal marrow,1,1,0,0,1,"0,1,0"
680,"RT @StayingInPower Why is Thor a woman now? I am not 2, but it just doesn't make any fucking sense.",1,rt stayinginpower thor woman 2 n't make fucking sense,1,1,0,0,1,"1,1,0"
